ID,Original Text,Analysis
LY0101,子曰 學而時習之 不亦說乎 有朋自遠方來 不亦樂乎 人不知而不? 不亦君子乎,子(n) 曰(v) 學(n) 而(c) 時(v) 習(v) 之(u) 不(n) 亦(d) 說(v) 乎(u) 有(v) 朋(n) 自(r) 遠(v) 方(n) 來(v) 不(n) 亦(d) 樂(v) 乎(u) 人(n) 不(d) 知(v) 而(c) 不(v) ?(wp) 不(n) 亦(d) 君子(n) 乎(u)
LY0102,有子曰 其爲人也孝弟 而好犯上者 鮮矣 不好犯上 而好作亂者 未之有也 君子務本 本立而道生 孝弟也者 其爲仁之本與,有(v) 子(n) 曰(v) 其(r) 爲(v) 人(n) 也(d) 孝弟(i) 而(c) 好(a) 犯上(v) 者(k) 鮮(v) 矣(u) 不(v) 好(a) 犯上(v) 而(c) 好(a) 作(v) 亂(n) 者(k) 未(d) 之(r) 有(v) 也(d) 君子(n) 務(v) 本(r) 本(d) 立(v) 而(c) 道(n) 生(v) 孝弟(n) 也(d) 者(k) 其(r) 爲(v) 仁(n) 之(u) 本(n) 與(n)
LY0103,子曰 巧言令色 鮮矣仁,子(n) 曰(v) 巧言令色(n) 鮮(n) 矣(u) 仁(nh)
LY0104,曾子曰 吾日三省吾身 爲人謀而不忠乎 與朋友交而不信乎 傳不習乎,曾子(nh) 曰(v) 吾(r) 日(q) 三省(ns) 吾身(n) 爲(v) 人(n) 謀(v) 而(c) 不(v) 忠(v) 乎(u) 與(a) 朋友(n) 交(v) 而(c) 不(v) 信(n) 乎(u) 傳(v) 不(v) 習(v) 乎(u)
LY0105,子曰 道千乘之國 敬事而信 節用而愛人 使民以時,子(n) 曰(v) 道(n) 千乘(i) 之(u) 國(n) 敬事(n) 而(c) 信(n) 節(v) 用(v) 而(c) 愛(v) 人(n) 使(v) 民(n) 以(p) 時(n)
LY0106,子曰 弟子入則孝 出則悌 謹而信 汎愛衆而親仁 行有餘力 則以學文,子(nh) 曰(v) 弟子(n) 入(v) 則(n) 孝(n) 出(v) 則(n) 悌(v) 謹(n) 而(c) 信(n) 汎(v) 愛(v) 衆(n) 而(c) 親(v) 仁(n) 行(n) 有(v) 餘(n) 力(n) 則(v) 以(p) 學(v) 文(n)
LY0107,子夏曰 賢賢易色 事父母 能竭其力 事君 能致其身 與朋友交 言而有信 雖曰未學 吾必謂之學矣,子(n) 夏(nt) 曰(v) 賢(v) 賢(n) 易(a) 色(n) 事(n) 父母(n) 能(v) 竭(v) 其(r) 力(n) 事君(n) 能(v) 致(v) 其(r) 身(n) 與(v) 朋友(n) 交(v) 言(n) 而(c) 有(v) 信(n) 雖(n) 曰(v) 未(d) 學(v) 吾(r) 必(d) 謂(v) 之(u) 學(n) 矣(u)
LY0108,子曰 君子不重 則不威 學則不固 主忠信 無友不如己者 過則勿憚改,子(n) 曰(v) 君子(n) 不(n) 重(d) 則(v) 不(v) 威(n) 學(n) 則(v) 不(n) 固(v) 主(n) 忠信(n) 無(n) 友(n) 不(n) 如(v) 己(r) 者(r) 過(v) 則(n) 勿(d) 憚(v) 改(v)
LY0109,曾子曰 愼終追遠 民德歸厚矣,曾子(nh) 曰(v) 愼(v) 終(n) 追(v) 遠(v) 民(n) 德(n) 歸(v) 厚(a) 矣(u)
LY0110,子禽問於子貢曰 夫子至於是邦也 必聞其政 求之與 抑與之與 子貢曰 夫子溫良恭儉讓以得之 夫子之求之也 其諸異乎人之求之與,子(n) 禽(n) 問(v) 於(n) 子貢(v) 曰(v) 夫子(n) 至(p) 於(ns) 是(v) 邦(n) 也(d) 必(d) 聞(v) 其(r) 政(n) 求(v) 之(u) 與(n) 抑(v) 與(n) 之(u) 與(n) 子貢(n) 曰(v) 夫子(n) 溫(n) 良(a) 恭(a) 儉(v) 讓(n) 以(p) 得(v) 之(u) 夫子(n) 之(u) 求(v) 之(r) 也(d) 其(r) 諸(v) 異(v) 乎(u) 人(n) 之(u) 求(v) 之(u) 與(n)
LY0111,子曰 父在觀其志 父沒觀其行 三年無改於父之道 可謂孝矣,子(n) 曰(v) 父(n) 在(p) 觀(v) 其(r) 志(n) 父(n) 沒(v) 觀(v) 其(r) 行(v) 三年(nt) 無(n) 改(v) 於(v) 父(n) 之(u) 道(n) 可(v) 謂(v) 孝(n) 矣(u)
LY0112,有子曰 禮之用 和爲貴 先王之道 斯爲美 小大由之 有所不行 知和而和 不以禮節之 亦不可行也,有(v) 子(n) 曰(v) 禮(n) 之(u) 用(v) 和(c) 爲(v) 貴(v) 先王(n) 之(u) 道(n) 斯(j) 爲(j) 美(j) 小大(j) 由(p) 之(r) 有(v) 所(u) 不(v) 行(n) 知(v) 和(c) 而(c) 和(c) 不(n) 以(p) 禮(v) 節(n) 之(u) 亦(d) 不(v) 可(v) 行(v) 也(d)
LY0113,有子曰 信近於義 言可復也 恭近於禮 遠恥辱也 因不失其親 亦可宗也,有(v) 子(n) 曰(v) 信(n) 近(a) 於(v) 義(n) 言(n) 可(v) 復(v) 也(d) 恭(a) 近(a) 於(v) 禮(n) 遠(v) 恥(v) 辱(n) 也(d) 因(p) 不(n) 失(v) 其(r) 親(n) 亦(d) 可(v) 宗(nh) 也(nh)
LY0114,子曰 君子食無求飽 居無求安 敏於事而愼於言 就有道而正焉 可謂好學也已,子(n) 曰(v) 君子(n) 食(v) 無(n) 求(v) 飽(n) 居(v) 無(n) 求(v) 安(a) 敏(a) 於(v) 事(n) 而(c) 愼(v) 於(v) 言(n) 就(d) 有(v) 道(n) 而(c) 正(d) 焉(r) 可(v) 謂(v) 好(a) 學(n) 也(d) 已(d)
LY0115,子貢曰 貧而無諂 富而無驕 何如 子曰 可也 未若貧而樂 富而好禮者也 子貢曰 詩云 如切如磋 如琢如磨 其斯之謂與 子曰 賜也 始可與言詩已矣 告諸往而知來者,子貢(nh) 曰(v) 貧(n) 而(c) 無(v) 諂(n) 富(a) 而(c) 無(n) 驕(v) 何(r) 如(v) 子(n) 曰(v) 可(v) 也(d) 未(d) 若(v) 貧(v) 而(c) 樂(v) 富(a) 而(c) 好(a) 禮(n) 者(k) 也(d) 子貢(v) 曰(v) 詩(v) 云(n) 如切如磋(v) 如琢如磨(v) 其(r) 斯(r) 之(u) 謂(n) 與(n) 子(n) 曰(v) 賜(n) 也(d) 始(d) 可(v) 與(v) 言(v) 詩(n) 已(d) 矣(u) 告(v) 諸(n) 往(p) 而(c) 知(v) 來(n) 者(k)
LY0116,子曰 不患人之不己知 患不知人也,子(n) 曰(v) 不(v) 患人(n) 之(u) 不(n) 己(r) 知(v) 患(v) 不(n) 知(v) 人(n) 也(d)
LY0201,子曰 爲政以德 譬如北辰 居其所而衆星共之,子(n) 曰(v) 爲(v) 政(n) 以(p) 德(n) 譬如(v) 北辰(n) 居(v) 其(r) 所(u) 而(c) 衆(v) 星(n) 共(d) 之(u)
LY0202,子曰 詩三百 一言以蔽之 曰 思無邪,子(n) 曰(v) 詩(n) 三百(m) 一(m) 言(n) 以(p) 蔽(v) 之(u) 曰(v) 思(v) 無(n) 邪(a)
LY0203,子曰 道之以政 齊之以刑 民免而無恥 道之以德 齊之以禮 有恥且格,子(n) 曰(v) 道(n) 之(u) 以(p) 政(n) 齊(v) 之(r) 以(p) 刑(n) 民(n) 免(v) 而(c) 無(v) 恥(v) 道(n) 之(u) 以(p) 德(n) 齊(v) 之(r) 以(p) 禮(n) 有(v) 恥(a) 且(c) 格(n)
LY0204,子曰 吾十有五而志于學 三十而立 四十而不惑 五十而知天命 六十而耳順 七十而從心所欲 不踰矩,子(n) 曰(v) 吾(r) 十(m) 有(v) 五(m) 而(c) 志(n) 于(p) 學(v) 三十(m) 而(c) 立(v) 四十(m) 而(c) 不(d) 惑(v) 五十(m) 而(c) 知(v) 天命(n) 六十(m) 而(c) 耳(n) 順(v) 七十(m) 而(c) 從(v) 心(n) 所(u) 欲(v) 不(v) 踰矩(nh)
LY0205,孟懿子問孝 子曰 無違 樊遲御 子告之曰 孟孫問孝於我 我對曰 無違 樊遲曰 何謂也 子曰 生事之以禮 死葬之以禮 祭之以禮,孟懿子(nh) 問(v) 孝(n) 子(n) 曰(v) 無(n) 違(n) 樊(nh) 遲(nh) 御(v) 子(n) 告(v) 之(r) 曰(v) 孟(j) 孫(n) 問(v) 孝(n) 於(v) 我(r) 我(r) 對(v) 曰(v) 無(v) 違(n) 樊(nh) 遲(n) 曰(v) 何(r) 謂(n) 也(d) 子(n) 曰(v) 生(v) 事(n) 之(u) 以(p) 禮(v) 死(v) 葬(v) 之(r) 以(p) 禮(n) 祭(v) 之(r) 以(p) 禮(n)
LY0206,孟武伯問孝 子曰 父母唯其疾之憂,孟武伯(nh) 問(v) 孝(n) 子(n) 曰(v) 父母(n) 唯(d) 其(r) 疾(n) 之(u) 憂(n)
LY0207,子游問孝 子曰 今之孝者 是謂能養 至於犬馬 皆能有養 不敬 何以別乎,子(n) 游(v) 問(v) 孝(n) 子(n) 曰(v) 今(nt) 之(u) 孝(n) 者(k) 是(v) 謂(n) 能(v) 養(v) 至(p) 於(ns) 犬(n) 馬(n) 皆(d) 能(v) 有(v) 養(n) 不(n) 敬(v) 何(r) 以(p) 別(v) 乎(u)
LY0208,子夏問孝 子曰 色難 有事 弟子服其勞 有酒食 先生饌 曾是以爲孝乎,子(n) 夏(nt) 問(v) 孝(n) 子(n) 曰(v) 色(n) 難(n) 有(v) 事(n) 弟子(n) 服(v) 其(r) 勞(n) 有(v) 酒食(n) 先生(n) 饌(n) 曾(d) 是(v) 以(p) 爲孝(v) 乎(u)
LY0209,子曰 吾與回言終日 不違如愚 退而省其私 亦足以發 回也不愚,子(n) 曰(v) 吾(r) 與(v) 回(v) 言(v) 終(m) 日(q) 不(n) 違(v) 如(v) 愚(a) 退(v) 而(c) 省(n) 其(r) 私(a) 亦(d) 足(d) 以(p) 發(v) 回(v) 也(d) 不(v) 愚(a)
LY0210,子曰 視其所以 觀其所由 察其所安 人焉?哉 人焉?哉,子(n) 曰(v) 視(v) 其(r) 所(u) 以(p) 觀(v) 其(r) 所(u) 由(p) 察(v) 其(r) 所(u) 安(v) 人(n) 焉(u) ?(wp) 哉(u) 人(n) 焉(u) ?(wp) 哉(u)
LY0211,子曰 溫故而知新 可以爲師矣,子(n) 曰(v) 溫(n) 故(n) 而(c) 知(v) 新(d) 可(v) 以(p) 爲(v) 師(n) 矣(u)
LY0212,子曰 君子不器,子(n) 曰(v) 君子(n) 不(v) 器(n)
LY0213,子貢問君子 子曰 先行其言而後從之,子貢(nh) 問(v) 君子(n) 子(n) 曰(v) 先行(v) 其(r) 言(n) 而(c) 後(v) 從(v) 之(u)
LY0214,子曰 君子周而不比 小人比而不周,子(n) 曰(v) 君子(n) 周(a) 而(c) 不(v) 比(p) 小人(n) 比(v) 而(c) 不(v) 周(nh)
LY0215,子曰 學而不思則罔 思而不學則殆,子(n) 曰(v) 學(n) 而(c) 不(v) 思(v) 則(n) 罔(v) 思(v) 而(c) 不(v) 學(n) 則(v) 殆(n)
LY0216,子曰 攻乎異端 斯害也已,子(n) 曰(v) 攻(v) 乎(u) 異(n) 端(v) 斯(r) 害(n) 也(d) 已(d)
LY0217,子曰 由 誨女知之乎 知之爲知之 不知爲不知 是知也,子(n) 曰(v) 由(p) 誨(n) 女(b) 知(v) 之(u) 乎(u) 知(v) 之(u) 爲(n) 知(v) 之(r) 不(n) 知(v) 爲(v) 不(n) 知(v) 是(v) 知(v) 也(u)
LY0218,子張學干祿 子曰 多聞闕疑 愼言其餘 則寡尤 多見闕殆 愼行其餘 則寡悔 言寡尤 行寡悔 祿在其中矣,子張(n) 學(n) 干(v) 祿(n) 子(n) 曰(v) 多(a) 聞(n) 闕(n) 疑(v) 愼(v) 言(v) 其(r) 餘(v) 則(v) 寡尤(n) 多(a) 見(v) 闕(n) 殆(d) 愼行(v) 其(r) 餘(n) 則(v) 寡悔(v) 言(v) 寡尤(n) 行(v) 寡悔(v) 祿(n) 在(p) 其(r) 中(nd) 矣(u)
LY0219,哀公問曰 何爲則民服 孔子對曰 擧直錯諸枉 則民服 擧枉錯諸直 則民不服,哀公(n) 問(n) 曰(v) 何(r) 爲(v) 則(v) 民(n) 服(v) 孔子(nh) 對(v) 曰(v) 擧(n) 直(d) 錯(v) 諸(n) 枉(d) 則(v) 民(n) 服(v) 擧(n) 枉(d) 錯(v) 諸(n) 直(d) 則(v) 民(n) 不(v) 服(v)
LY0220,季康子問 使民敬忠以勸 如之何 子曰 臨之以莊則敬 孝慈則忠 擧善而敎不能則勸,季康子(n) 問(n) 使(v) 民(n) 敬忠(v) 以(p) 勸(n) 如(v) 之(u) 何(r) 子(n) 曰(v) 臨(v) 之(r) 以(p) 莊(n) 則(v) 敬(v) 孝慈(n) 則(d) 忠(v) 擧(v) 善(a) 而(c) 敎(v) 不(n) 能(v) 則(v) 勸(n)
LY0221,或謂孔子曰 子奚不爲政 子曰 書云 孝乎惟孝 友于兄弟 施於有政 是亦爲政 奚其爲爲政,或(c) 謂(n) 孔子(nh) 曰(v) 子(n) 奚(v) 不(n) 爲(v) 政(n) 子(n) 曰(v) 書(v) 云(n) 孝(v) 乎(u) 惟(d) 孝(v) 友(n) 于(p) 兄弟(n) 施(v) 於(n) 有(v) 政(n) 是(v) 亦(d) 爲(v) 政(n) 奚(v) 其(r) 爲(v) 爲(v) 政(n)
LY0222,子曰 人而無信 不知其可也 大車無? 小車無? 其何以行之哉,子(n) 曰(v) 人(n) 而(c) 無(v) 信(n) 不(d) 知(v) 其(r) 可(v) 也(d) 大(a) 車(v) 無(n) ?(wp) 小(a) 車(n) 無(n) ?(wp) 其(r) 何(r) 以(p) 行(v) 之(u) 哉(u)
LY0223,子張問十世可知也 子曰 殷因於夏禮 所損益 可知也 周因於殷禮 所損益 可知也 其或繼周者 雖百世 可知也,子張(nh) 問(nh) 十世(i) 可知(v) 也(d) 子(n) 曰(v) 殷(nh) 因(p) 於(v) 夏(nt) 禮(v) 所(u) 損(v) 益(d) 可知(v) 也(nh) 周(nh) 因(p) 於(v) 殷(nh) 禮(nh) 所(u) 損(v) 益(d) 可知(v) 也(d) 其(r) 或(c) 繼(v) 周(n) 者(k) 雖(n) 百世(i) 可知(v) 也(d)
LY0224,子曰 非其鬼而祭之 諂也 見義不爲 無勇也,子(n) 曰(v) 非(v) 其(r) 鬼(n) 而(c) 祭(v) 之(u) 諂(n) 也(d) 見(v) 義(v) 不(n) 爲(v) 無(n) 勇(a) 也(u)
LY0301,孔子謂季氏 八佾舞於庭 是可忍也 孰不可忍也,孔子(nh) 謂(v) 季氏(nh) 八佾舞(v) 於(v) 庭(n) 是(v) 可忍(n) 也(d) 孰(r) 不(v) 可忍(n) 也(d)
LY0302,三家者以雍徹 子曰 相維?公 天子穆穆 奚取於三家之堂,三(m) 家(q) 者(k) 以(p) 雍(n) 徹(v) 子(n) 曰(v) 相(d) 維(v) ?(wp) 公(b) 天子(n) 穆穆(nh) 奚(nh) 取(v) 於(v) 三(m) 家(q) 之(u) 堂(n)
LY0303,子曰 人而不仁 如禮何 人而不仁 如樂何,子(n) 曰(v) 人(n) 而(c) 不(v) 仁(n) 如(v) 禮(v) 何(r) 人(n) 而(c) 不(v) 仁(n) 如(v) 樂(v) 何(r)
LY0304,林放問禮之本 子曰 大哉問 禮 與其奢也寧儉 喪 與其易也寧戚,林(n) 放(v) 問(n) 禮(n) 之(u) 本(n) 子(n) 曰(v) 大(a) 哉(u) 問(v) 禮(n) 與(v) 其(r) 奢(a) 也(d) 寧(v) 儉(v) 喪(n) 與(v) 其(r) 易(a) 也(d) 寧(v) 戚(nh)
LY0305,子曰 夷狄之有君 不如諸夏之亡也,子(n) 曰(v) 夷狄(n) 之(u) 有(v) 君(n) 不(n) 如(v) 諸(v) 夏(nt) 之(u) 亡(v) 也(d)
LY0306,季氏旅於泰山 子謂?有曰 女弗能救與 對曰 不能 子曰 嗚呼 曾謂泰山不如林放乎,季氏(nh) 旅(v) 於(v) 泰山(ns) 子(n) 謂(v) ?(wp) 有(v) 曰(v) 女(b) 弗(nh) 能(v) 救(v) 與(n) 對(n) 曰(v) 不(n) 能(v) 子(n) 曰(v) 嗚(n) 呼(v) 曾(d) 謂(v) 泰山(ns) 不(n) 如(v) 林(n) 放(v) 乎(u)
LY0307,子曰 君子無所爭 必也射乎 揖讓而升 下而飮 其爭也君子,子(n) 曰(v) 君子(n) 無(n) 所(u) 爭(v) 必(d) 也(d) 射(v) 乎(u) 揖(v) 讓(n) 而(c) 升(v) 下(nd) 而(c) 飮(v) 其(r) 爭(n) 也(d) 君子(n)
LY0308,子夏問曰 巧笑?兮 美目盼兮 素以爲絢兮何謂也 子曰 繪事後素 曰 禮後乎 子曰 起予者商也 始可與言詩已矣,子(n) 夏(nt) 問(v) 曰(v) 巧笑(n) ?(wp) 兮(u) 美目盼(a) 兮(u) 素(a) 以(p) 爲(v) 絢(n) 兮(u) 何(r) 謂(n) 也(d) 子(n) 曰(v) 繪(n) 事(n) 後(nd) 素(a) 曰(v) 禮(v) 後(n) 乎(u) 子(n) 曰(v) 起予(v) 者(k) 商(n) 也(d) 始(d) 可(v) 與(v) 言(v) 詩(n) 已(d) 矣(u)
LY0309,子曰 夏禮吾能言之 杞不足徵也 殷禮吾能言之 宋不足徵也 文獻不足故也 足則吾能徵之矣,子(n) 曰(v) 夏(nt) 禮(v) 吾(r) 能(v) 言(v) 之(u) 杞(n) 不(n) 足(d) 徵(v) 也(d) 殷(v) 禮(v) 吾(r) 能(v) 言(v) 之(u) 宋(nt) 不(n) 足(d) 徵(v) 也(d) 文(v) 獻(n) 不(n) 足(a) 故(n) 也(d) 足(d) 則吾(v) 能(v) 徵(v) 之(u) 矣(u)
LY0310,子曰 ?自旣灌而往者 吾不欲觀之矣,子(n) 曰(v) ?(wp) 自(p) 旣(n) 灌(v) 而(c) 往(p) 者(r) 吾(r) 不(n) 欲(d) 觀(v) 之(u) 矣(u)
LY0311,或問?之說 子曰 不知也 知其說者之於天下也 其如示諸斯乎 指其掌,或(c) 問(v) ?(wp) 之(u) 說(n) 子(n) 曰(v) 不(n) 知(v) 也(d) 知(v) 其(r) 說(n) 者(k) 之(u) 於(n) 天(n) 下(nd) 也(d) 其(r) 如(v) 示(v) 諸(v) 斯(r) 乎(u) 指(v) 其(r) 掌(n)
LY0312,祭如在 祭神如神在 子曰 吾不與祭 如不祭,祭(v) 如(v) 在(p) 祭神(n) 如(v) 神(n) 在(p) 子(n) 曰(v) 吾(r) 不(n) 與(n) 祭(v) 如(v) 不(n) 祭(v)
LY0313,王孫賈問曰 與其媚於奧 寧媚於? 何謂也 子曰 不然 獲罪於天 無所禱也,王(nh) 孫(nh) 賈(v) 問(n) 曰(v) 與(v) 其(r) 媚(a) 於(v) 奧(n) 寧(v) 媚(v) 於(n) ?(wp) 何(r) 謂(n) 也(d) 子(n) 曰(v) 不(v) 然(r) 獲(v) 罪(n) 於(v) 天(n) 無(n) 所(u) 禱(v) 也(d)
LY0314,子曰 周監於二代 郁郁乎文哉 吾從周,子(n) 曰(v) 周(nh) 監(nh) 於(v) 二(m) 代(q) 郁郁(z) 乎(u) 文(n) 哉(u) 吾(r) 從(n) 周(nh)
LY0315,子入太廟 每事問 或曰 孰謂?人之子知禮乎 入太廟 每事問 子聞之曰 是禮也,子(n) 入太(v) 廟(n) 每(r) 事(n) 問(v) 或(c) 曰(v) 孰(r) 謂(n) ?(wp) 人(n) 之(u) 子(n) 知(v) 禮(n) 乎(u) 入太(v) 廟(v) 每(r) 事(n) 問(v) 子(n) 聞(n) 之(u) 曰(v) 是(v) 禮(n) 也(d)
LY0316,子曰 射不主皮 爲力不同科 古之道也,子(n) 曰(v) 射(v) 不(n) 主(n) 皮(n) 爲(v) 力(n) 不(v) 同(p) 科(n) 古(a) 之(u) 道(n) 也(d)
LY0317,子貢欲去告朔之?羊 子曰 賜也 爾愛其羊 我愛其禮,子貢(nh) 欲去(v) 告朔(v) 之(u) ?(wp) 羊(n) 子(n) 曰(v) 賜(n) 也(d) 爾(v) 愛(v) 其(r) 羊(n) 我(r) 愛(v) 其(r) 禮(n)
LY0318,子曰 事君盡禮 人以爲諂也,子(n) 曰(v) 事君(n) 盡(n) 禮(v) 人(n) 以(p) 爲(v) 諂(n) 也(d)
LY0319,定公問 君使臣 臣事君 如之何 孔子對曰 君使臣以禮 臣事君以忠,定公(v) 問(v) 君(n) 使臣(v) 臣(n) 事君(n) 如(v) 之(u) 何(r) 孔子(nh) 對(v) 曰(v) 君(n) 使臣(n) 以(p) 禮(v) 臣(n) 事君(n) 以(p) 忠(v)
LY0320,子曰 關雎 樂而不淫 哀而不傷,子(n) 曰(v) 關(n) 雎(v) 樂(n) 而(c) 不(v) 淫(a) 哀(a) 而(c) 不(v) 傷(n)
LY0321,哀公問社於宰我 宰我對曰 夏后氏以松 殷人以栢 周人以栗 曰使民戰栗 子聞之曰 成事不說 遂事不諫 旣往不咎,哀公(v) 問(n) 社(n) 於(v) 宰我(r) 宰我(n) 對(v) 曰(v) 夏后氏(nh) 以(p) 松(v) 殷人(n) 以(p) 栢(m) 周(q) 人(n) 以(p) 栗(n) 曰(v) 使(v) 民(n) 戰(v) 栗(n) 子(n) 聞(n) 之(u) 曰(v) 成(v) 事(n) 不(v) 說(v) 遂(v) 事(n) 不(v) 諫(v) 旣(n) 往(p) 不(v) 咎(n)
LY0322,子曰 管仲之器小哉 或曰 管仲儉乎 曰 管氏有三歸 官事不攝 焉得儉 然則管仲知禮乎 曰 邦君樹塞門 管氏亦樹塞門 邦君爲兩君之好 有反? 管氏亦有反? 管氏而知禮 孰不知禮,子(n) 曰(v) 管仲(nh) 之(u) 器小(n) 哉(u) 或(c) 曰(v) 管仲(nh) 儉(n) 乎(u) 曰(v) 管(v) 氏(n) 有(v) 三(m) 歸(q) 官(n) 事(n) 不(n) 攝(v) 焉(r) 得(u) 儉(v) 然(r) 則(n) 管仲(nh) 知(v) 禮(n) 乎(u) 曰(v) 邦君(n) 樹(n) 塞(v) 門(v) 管(v) 氏(n) 亦(d) 樹(v) 塞(j) 門(v) 邦君(n) 爲(v) 兩(n) 君(n) 之(u) 好(a) 有(v) 反(v) ?(wp) 管(v) 氏(n) 亦(d) 有(v) 反(v) ?(wp) 管(v) 氏(n) 而(c) 知(v) 禮(n) 孰(r) 不(v) 知(v) 禮(n)
LY0323,子語魯大師樂曰 樂其可知也 始作 翕如也；從之 純如也 ?如也 繹如也 以成,子(n) 語(v) 魯(n) 大(a) 師(n) 樂(v) 曰(v) 樂(v) 其(r) 可知(v) 也(d) 始(d) 作(v) 翕如(n) 也(u) ；(wp) 從(v) 之(u) 純(n) 如(v) 也(d) ?(wp) 如(v) 也(d) 繹(v) 如(v) 也(d) 以(p) 成(v)
LY0324,儀封人請見曰 君子之至於斯也 吾未嘗不得見也 從者見之 出曰 二三子何患於喪乎 天下之無道也久矣 天將以夫子爲木鐸,儀(nh) 封(v) 人(n) 請(n) 見(v) 曰(v) 君子(n) 之(u) 至(p) 於(ns) 斯(r) 也(d) 吾(r) 未(d) 嘗(v) 不(v) 得(u) 見(n) 也(d) 從(v) 者(r) 見(n) 之(u) 出(v) 曰(v) 二三(m) 子(n) 何(r) 患(v) 於(v) 喪(v) 乎(u) 天下(n) 之(u) 無(v) 道(n) 也(d) 久(a) 矣(u) 天(n) 將(v) 以(p) 夫子(n) 爲(v) 木(n) 鐸(n)
LY0325,子謂韶 盡美矣 又盡善也 謂武 盡美矣 未盡善也,子(n) 謂(v) 韶(n) 盡(v) 美(a) 矣(u) 又(d) 盡(v) 善(a) 也(d) 謂(v) 武(j) 盡(j) 美(j) 矣(u) 未(d) 盡(v) 善(a) 也(u)
LY0326,子曰 居上不寬 爲禮不敬 臨喪不哀 吾何以觀之哉,子(n) 曰(v) 居上(v) 不(n) 寬(v) 爲(v) 禮(n) 不(v) 敬(v) 臨(v) 喪(n) 不(v) 哀(v) 吾(r) 何(r) 以(p) 觀(v) 之(u) 哉(u)
LY0401,子曰 里仁爲美 擇不處仁 焉得知,子(n) 曰(v) 里(nd) 仁(n) 爲(v) 美(j) 擇(j) 不(j) 處(n) 仁(n) 焉(r) 得(u) 知(v)
LY0402,子曰 不仁者不可以久處約 不可以長處樂 仁者安仁 知者利仁,子(n) 曰(v) 不(v) 仁(n) 者(k) 不(d) 可(v) 以(p) 久(a) 處(v) 約(v) 不(n) 可(v) 以(p) 長(n) 處(v) 樂(v) 仁(n) 者(k) 安仁(nh) 知(v) 者(k) 利(n) 仁(n)
LY0403,子曰 唯仁者能好人 能惡人,子(n) 曰(v) 唯(d) 仁(n) 者(k) 能(v) 好(a) 人(n) 能(v) 惡(v) 人(n)
LY0404,子曰 苟志於仁矣 無惡也,子(n) 曰(v) 苟(c) 志(n) 於(v) 仁(nh) 矣(u) 無(v) 惡(n) 也(d)
LY0405,子曰 富與貴 是人之所欲也 不以其道得之 不處也 貧與賤 是人之所惡也 不以其道得之 不去也 君子去仁 惡乎成名 君子無終食之間違仁 造次必於是 顚沛必於是,子(n) 曰(v) 富(a) 與(n) 貴(n) 是(v) 人(n) 之(u) 所(u) 欲(d) 也(d) 不(v) 以(p) 其(r) 道(v) 得(v) 之(u) 不(n) 處(n) 也(d) 貧(v) 與(v) 賤(n) 是(v) 人(n) 之(u) 所(u) 惡(v) 也(d) 不(v) 以(p) 其(r) 道(v) 得(v) 之(u) 不(n) 去(v) 也(d) 君子(n) 去(v) 仁(n) 惡(v) 乎(u) 成名(v) 君子(n) 無(v) 終(v) 食(v) 之(r) 間(n) 違(v) 仁(n) 造次(n) 必(d) 於(v) 是(v) 顚(v) 沛(n) 必(d) 於(v) 是(v)
LY0406,子曰 我未見好仁者 惡不仁者 好仁者 無以尙之 惡不仁者 其爲仁矣 不使不仁者加乎其身 有能一日用其力於仁矣乎 我未見力不足者 蓋有之矣 我未之見也,子(n) 曰(v) 我(r) 未(d) 見(v) 好仁(n) 者(k) 惡(n) 不(v) 仁(n) 者(r) 好仁(n) 者(k) 無(n) 以(p) 尙(n) 之(u) 惡(n) 不(v) 仁(n) 者(k) 其(r) 爲(v) 仁(n) 矣(u) 不(n) 使(v) 不(v) 仁(n) 者(r) 加(v) 乎(p) 其(r) 身(n) 有(v) 能(v) 一日(nt) 用(p) 其(r) 力(n) 於(v) 仁(nh) 矣(u) 乎(u) 我(r) 未(d) 見(v) 力(n) 不(v) 足(a) 者(k) 蓋(v) 有(v) 之(u) 矣(u) 我(r) 未(d) 之(u) 見(n) 也(d)
LY0407,子曰 人之過也 各於其黨 觀過 斯知仁矣,子(n) 曰(v) 人(n) 之(u) 過(n) 也(d) 各(r) 於(v) 其(r) 黨(n) 觀(v) 過(v) 斯(r) 知(v) 仁(n) 矣(u)
LY0408,子曰 朝聞道 夕死可矣,子(n) 曰(v) 朝(p) 聞(n) 道(n) 夕死(v) 可(v) 矣(u)
LY0409,子曰 士志於道 而恥惡衣惡食者 未足與議也,子(n) 曰(v) 士(n) 志(n) 於(v) 道(n) 而(c) 恥(n) 惡(v) 衣(n) 惡(v) 食(v) 者(k) 未足(d) 與(v) 議(n) 也(d)
LY0410,子曰 君子之於天下也 無適也 無莫也 義之與比,子(n) 曰(v) 君子(n) 之(u) 於(v) 天(n) 下(nd) 也(d) 無(v) 適(n) 也(d) 無(v) 莫(d) 也(d) 義(v) 之(u) 與(n) 比(p)
LY0411,子曰 君子懷德 小人懷土 君子懷刑 小人懷惠,子(n) 曰(v) 君子(n) 懷(v) 德(j) 小人(n) 懷(n) 土(n) 君子(n) 懷(v) 刑(n) 小人(n) 懷(n) 惠(v)
LY0412,子曰 放於利而行 多怨,子(n) 曰(v) 放(v) 於(v) 利(n) 而(c) 行(v) 多怨(n)
LY0413,子曰 能以禮讓爲國乎 何有 不能以禮讓爲國 如禮何,子(n) 曰(v) 能(v) 以(p) 禮(n) 讓(v) 爲(v) 國(n) 乎(p) 何(r) 有(v) 不(n) 能(v) 以(p) 禮(n) 讓(v) 爲(v) 國(n) 如(v) 禮(v) 何(r)
LY0414,子曰 不患無位 患所以立 不患莫己知 求爲可知也,子(n) 曰(v) 不(n) 患(v) 無(v) 位(n) 患(v) 所(u) 以(p) 立(v) 不(n) 患(n) 莫(d) 己(d) 知(v) 求(v) 爲(v) 可知(v) 也(d)
LY0415,子曰 參乎 吾道一以貫之 曾子曰 唯 子出 門人問曰 何謂也 曾子曰 夫子之道 忠恕而已矣,子(n) 曰(v) 參(v) 乎(u) 吾道(v) 一(m) 以(p) 貫(n) 之(u) 曾子(n) 曰(v) 唯(d) 子(n) 出(v) 門(n) 人(n) 問(n) 曰(v) 何(r) 謂(n) 也(u) 曾子(nh) 曰(v) 夫子(n) 之(u) 道(n) 忠恕(v) 而(c) 已(d) 矣(u)
LY0416,子曰 君子喩於義 小人喩於利,子(n) 曰(v) 君子(n) 喩(v) 於(v) 義(v) 小人(n) 喩(v) 於(v) 利(n)
LY0417,子曰 見賢思齊焉 見不賢而內自省也,子(n) 曰(v) 見(n) 賢(n) 思(v) 齊(v) 焉(u) 見(v) 不(v) 賢(n) 而(c) 內(v) 自(r) 省(v) 也(d)
LY0418,子曰 事父母幾諫 見志不從 又敬不違 勞而不怨,子(n) 曰(v) 事(n) 父母(n) 幾(v) 諫(v) 見(v) 志(n) 不(v) 從(v) 又(d) 敬(v) 不(v) 違(v) 勞(n) 而(c) 不(v) 怨(v)
LY0419,子曰 父母在 不遠遊 遊必有方,子(n) 曰(v) 父母(n) 在(p) 不(v) 遠(n) 遊(v) 遊(n) 必(d) 有(v) 方(n)
LY0420,子曰 三年無改於父之道 可謂孝矣,子(n) 曰(v) 三年(nt) 無(n) 改(v) 於(v) 父(n) 之(u) 道(n) 可(v) 謂(v) 孝(n) 矣(u)
LY0421,子曰 父母之年 不可不知也 一則以喜 一則以懼,子(n) 曰(v) 父母(n) 之(u) 年(n) 不(n) 可(v) 不(d) 知(v) 也(d) 一(m) 則(q) 以(p) 喜(v) 一(m) 則(n) 以(p) 懼(n)
LY0422,子曰 古者言之不出 恥躬之不逮也,子(n) 曰(v) 古(a) 者(n) 言(v) 之(u) 不(v) 出(v) 恥(n) 躬(v) 之(u) 不(n) 逮(v) 也(d)
LY0423,子曰 以約失之者鮮矣,子(n) 曰(v) 以(p) 約(n) 失(v) 之(r) 者(n) 鮮(v) 矣(u)
LY0424,子曰 君子欲訥於言而敏於行,子(n) 曰(v) 君子(n) 欲(d) 訥(v) 於(v) 言(n) 而(c) 敏(a) 於(n) 行(v)
LY0425,子曰 德不孤 必有?,子(n) 曰(v) 德(n) 不(v) 孤(n) 必(d) 有(v) ?(wp)
LY0426,子游曰 事君數 斯辱矣 朋友數 斯疏矣,子(n) 游(v) 曰(v) 事君(n) 數(v) 斯(r) 辱(v) 矣(u) 朋友(n) 數(v) 斯(r) 疏(a) 矣(u)
LY0501,子謂公冶長 可妻也 雖在??之中 非其罪也 以其子妻之,子(n) 謂(v) 公(n) 冶(v) 長(n) 可(v) 妻(n) 也(d) 雖(v) 在(p) ?(wp) ?(wp) 之(u) 中(j) 非(j) 其(r) 罪(n) 也(d) 以(p) 其(r) 子(n) 妻(n) 之(u)
LY0502,子謂南容 邦有道 不廢 邦無道 免於刑戮 以其兄之子妻之,子(n) 謂(v) 南(nd) 容(v) 邦(n) 有(v) 道(n) 不(v) 廢(n) 邦(n) 無(v) 道(n) 免(v) 於(v) 刑戮(n) 以(p) 其(r) 兄(n) 之(u) 子(n) 妻(n) 之(u)
LY0503,子謂子賤 君子哉若人 魯無君子者 斯焉取斯,子(n) 謂(v) 子(n) 賤(v) 君子(n) 哉(u) 若(v) 人(n) 魯(v) 無(v) 君子(n) 者(k) 斯(r) 焉(u) 取(v) 斯(r)
LY0504,子貢問曰 賜也何如 子曰 女 器也 曰 何器也 曰 瑚璉也,子貢(n) 問(v) 曰(v) 賜(n) 也(d) 何(r) 如(v) 子(n) 曰(v) 女(b) 器(n) 也(d) 曰(v) 何(r) 器(n) 也(d) 曰(v) 瑚(v) 璉(n) 也(d)
LY0505,或曰 雍也仁而不? 子曰 焉用? 禦人以口給 屢憎於人 不知其仁 焉用?,或(c) 曰(v) 雍(n) 也(d) 仁(a) 而(c) 不(n) ?(wp) 子(n) 曰(v) 焉(u) 用(v) ?(wp) 禦(v) 人(n) 以(p) 口(n) 給(v) 屢(n) 憎(v) 於(v) 人(n) 不(d) 知(v) 其(r) 仁(n) 焉(u) 用(v) ?(wp)
LY0506,子使漆彫開仕 對曰 吾斯之未能信 子說,子(n) 使(v) 漆彫(n) 開(v) 仕(n) 對(v) 曰(v) 吾(r) 斯(j) 之(u) 未能(v) 信(v) 子(n) 說(nh)
LY0507,子曰 道不行 乘?浮于海 從我者其由與 子路聞之喜 子曰 由也好勇過我 無所取材,子(n) 曰(v) 道(n) 不(n) 行(v) 乘(v) ?(wp) 浮(v) 于(p) 海(n) 從(v) 我(r) 者(k) 其(r) 由(p) 與(v) 子路(n) 聞(v) 之(u) 喜(n) 子(n) 曰(v) 由(p) 也(d) 好勇(a) 過(v) 我(r) 無(a) 所(u) 取(v) 材(n)
LY0508,孟武伯問 子路仁乎 子曰 不知也 又問 子曰 由也 千乘之國 可使治其賦也 不知其仁也 求也何如 子曰 求也 千室之邑 百乘之家 可使爲之宰也 不知其仁也 赤也何如 子曰 赤也 束帶立於朝 可使與賓客言也 不知其仁也,孟武伯(nh) 問(v) 子路(n) 仁(n) 乎(u) 子(n) 曰(v) 不(n) 知(v) 也(d) 又(d) 問(v) 子(n) 曰(v) 由(p) 也(d) 千乘(i) 之(u) 國(n) 可使(v) 治(v) 其(r) 賦(n) 也(d) 不(d) 知(v) 其(r) 仁(n) 也(d) 求(v) 也(d) 何(r) 如(v) 子(n) 曰(v) 求(v) 也(d) 千(m) 室(n) 之(u) 邑(n) 百(m) 乘(v) 之(u) 家(n) 可使(v) 爲(v) 之(u) 宰(v) 也(d) 不(d) 知(v) 其(r) 仁(n) 也(d) 赤(a) 也(d) 何(r) 如(v) 子(n) 曰(v) 赤(a) 也(d) 束(v) 帶(n) 立(v) 於(n) 朝(p) 可使(v) 與(n) 賓(v) 客(n) 言(n) 也(d) 不(d) 知(v) 其(r) 仁(n) 也(d)
LY0509,子謂子貢曰 女與回也孰愈 對曰 賜也何敢望回 回也聞一以知十 賜也聞一以知二 子曰 弗如也 吾與女弗如也,子(n) 謂(v) 子貢(n) 曰(v) 女(b) 與(n) 回(v) 也(d) 孰(r) 愈(d) 對(v) 曰(v) 賜(n) 也(d) 何(r) 敢(v) 望(v) 回(v) 回(v) 也(d) 聞(v) 一(m) 以(p) 知(v) 十(m) 賜(q) 也(d) 聞(v) 一(m) 以(p) 知(v) 二(m) 子(n) 曰(v) 弗(nh) 如(v) 也(d) 吾(r) 與(v) 女(n) 弗(nh) 如(v) 也(nh)
LY0510,宰予晝寢 子曰 朽木不可雕也 糞土之牆不可?也 於予與何誅 子曰 始吾於人也 聽其言而信其行 今吾於人也 聽其言而觀其行 於予與改是,宰予(v) 晝(n) 寢(v) 子(n) 曰(v) 朽木(n) 不(n) 可(v) 雕(v) 也(d) 糞(v) 土(n) 之(u) 牆(n) 不(n) 可(v) ?(wp) 也(d) 於(v) 予(v) 與(v) 何(r) 誅(v) 子(n) 曰(v) 始(v) 吾(r) 於(v) 人(n) 也(d) 聽(v) 其(r) 言(n) 而(c) 信(v) 其(r) 行(v) 今(nt) 吾(r) 於(v) 人(n) 也(d) 聽(v) 其(r) 言(n) 而(c) 觀(v) 其(r) 行(v) 於(n) 予(v) 與(n) 改(v) 是(v)
LY0511,子曰 吾未見剛者 或對曰 申? 子曰 ?也慾 焉得剛,子(n) 曰(v) 吾(r) 未(d) 見(v) 剛(n) 者(k) 或(c) 對(n) 曰(v) 申(v) ?(wp) 子(n) 曰(v) ?(wp) 也(d) 慾(v) 焉(r) 得(u) 剛(n)
LY0512,子貢曰 我不欲人之加諸我也 吾亦欲無加諸人 子曰 賜也 非爾所及也,子貢(nh) 曰(v) 我(r) 不(v) 欲(v) 人(n) 之(u) 加(v) 諸(v) 我(r) 也(d) 吾(r) 亦(d) 欲(d) 無(v) 加(v) 諸(v) 人(n) 子(n) 曰(v) 賜(n) 也(d) 非(d) 爾(v) 所(u) 及(v) 也(d)
LY0513,子貢曰 夫子之文章 可得而聞也 夫子之言性與天道 不可得而聞也,子貢(nh) 曰(v) 夫子(n) 之(u) 文章(n) 可(v) 得(v) 而(c) 聞(v) 也(u) 夫子(n) 之(u) 言(n) 性(n) 與(v) 天道(n) 不(n) 可(v) 得(v) 而(c) 聞(n) 也(d)
LY0514,子路有聞 未之能行 唯恐有聞,子路(nh) 有(v) 聞(n) 未(d) 之(u) 能行(n) 唯(d) 恐(d) 有(v) 聞(n)
LY0515,子貢問曰 孔文子何以謂之文也 子曰 敏而好學 不恥下問 是以謂之文也,子貢(n) 問(v) 曰(v) 孔文子(v) 何(r) 以(p) 謂(v) 之(u) 文(n) 也(d) 子(n) 曰(v) 敏(a) 而(c) 好(a) 學(v) 不(n) 恥(v) 下(v) 問(n) 是(v) 以(p) 謂(v) 之(u) 文(n) 也(d)
LY0516,子謂子産 有君子之道四焉 其行己也恭 其事上也敬 其養民也惠 其使民也義,子(n) 謂(v) 子(n) 産(v) 有(v) 君子(n) 之(u) 道(n) 四(m) 焉(q) 其(r) 行(v) 己(r) 也(d) 恭(v) 其(r) 事(n) 上(nd) 也(d) 敬(v) 其(r) 養(v) 民(n) 也(d) 惠(v) 其(r) 使(v) 民(n) 也(d) 義(v)
LY0517,子曰 晏平仲善與人交 久而敬之,子(n) 曰(v) 晏平仲(v) 善(n) 與(v) 人(n) 交(v) 久(a) 而(c) 敬(v) 之(u)
LY0518,子曰 臧文仲居蔡 山節藻? 何如其知也,子(n) 曰(v) 臧文仲(n) 居(v) 蔡(nh) 山(n) 節(v) 藻(n) ?(wp) 何(r) 如(v) 其(r) 知(v) 也(nh)
LY0519,子張問曰 令尹子文三仕爲令尹 無喜色 三已之 無?色 舊令尹之政 必以告新令尹 何如 子曰 忠矣 曰 仁矣乎 曰 未知 焉得仁 崔子弑齊君 陳文子有馬十乘 棄而違之 至於他邦 則曰 猶吾大夫崔子也 違之 之一邦 則又曰 猶吾大夫崔子也 違之 何如 子曰 淸矣 曰 仁矣乎 曰 未知 焉得仁,子張(n) 問(v) 曰(v) 令尹(v) 子(n) 文(n) 三(m) 仕(n) 爲(v) 令尹(v) 無(v) 喜色(n) 三(m) 已(d) 之(u) 無(n) ?(wp) 色(n) 舊(v) 令尹(v) 之(u) 政(n) 必(d) 以(p) 告(v) 新(a) 令尹(v) 何(r) 如(v) 子(n) 曰(v) 忠(v) 矣(u) 曰(v) 仁(n) 矣(u) 乎(u) 曰(v) 未知(v) 焉(r) 得(u) 仁(n) 崔子(nh) 弑(v) 齊(n) 君(n) 陳(v) 文(n) 子(n) 有(v) 馬(n) 十(m) 乘(v) 棄(n) 而(c) 違(v) 之(u) 至(d) 於(v) 他(r) 邦(n) 則(v) 曰(v) 猶(v) 吾(r) 大夫(n) 崔子(nh) 也(d) 違(v) 之(u) 之(u) 一(m) 邦(n) 則(n) 又(d) 曰(v) 猶(v) 吾(r) 大夫(n) 崔子(nh) 也(d) 違(v) 之(u) 何(r) 如(v) 子(n) 曰(v) 淸(n) 矣(u) 曰(v) 仁(n) 矣(u) 乎(u) 曰(v) 未知(v) 焉(r) 得(u) 仁(n)
LY0520,季文子三思而後行 子聞之曰 再 斯可矣,季文子(n) 三(m) 思(v) 而(c) 後(v) 行(v) 子(n) 聞(n) 之(u) 曰(v) 再(d) 斯可(v) 矣(u)
LY0521,子曰 ?武子 邦有道則知 邦無道則愚 其知可及也 其愚不可及也,子(n) 曰(v) ?(wp) 武(nh) 子(n) 邦(n) 有(v) 道(n) 則(n) 知(v) 邦(n) 無(v) 道(n) 則(v) 愚(v) 其(r) 知(v) 可(v) 及(c) 也(d) 其(r) 愚(a) 不(n) 可(v) 及(c) 也(d)
LY0522,子在陳 曰 歸與 歸與 吾黨之小子狂簡 斐然成章 不知所以裁之,子(n) 在(p) 陳(n) 曰(v) 歸(v) 與(n) 歸(v) 與(v) 吾(r) 黨(n) 之(u) 小子(n) 狂(d) 簡(v) 斐然(z) 成章(n) 不(d) 知(v) 所(u) 以(p) 裁(v) 之(u)
LY0523,子曰 伯夷叔齊不念舊惡 怨是用希,子(n) 曰(v) 伯夷叔(n) 齊(n) 不(v) 念(v) 舊(n) 惡(v) 怨(v) 是(v) 用(p) 希(nh)
LY0524,子曰 孰謂微生高直 或乞醯焉 乞諸其?而與之,子(n) 曰(v) 孰(r) 謂(n) 微(a) 生(v) 高(a) 直(d) 或(c) 乞醯(n) 焉(u) 乞(v) 諸(v) 其(r) ?(wp) 而(c) 與(v) 之(u)
LY0525,子曰 巧言令色足恭 左丘明恥之 丘亦恥之 匿怨而友其人 左丘明恥之 丘亦恥之,子(n) 曰(v) 巧言令色(n) 足(d) 恭(a) 左丘明(v) 恥(n) 之(u) 丘(n) 亦(d) 恥(v) 之(u) 匿(v) 怨(v) 而(c) 友(n) 其(r) 人(n) 左丘明(nh) 恥(v) 之(u) 丘(n) 亦(d) 恥(v) 之(u)
LY0526,顔淵季路侍 子曰 ?各言爾志 子路曰 願車馬衣輕? 與朋友共 ?之而無憾 顔淵曰 願無伐善 無施勞 子路曰 願聞子之志 子曰 老者安之 朋友信之 少者懷之,顔(nh) 淵(v) 季路(n) 侍(v) 子(n) 曰(v) ?(wp) 各(r) 言(v) 爾(n) 志(n) 子路(n) 曰(v) 願(v) 車(n) 馬(v) 衣(n) 輕(n) ?(wp) 與(v) 朋友(n) 共(d) ?(wp) 之(u) 而(c) 無(v) 憾(a) 顔(n) 淵(v) 曰(v) 願(n) 無(n) 伐(v) 善(a) 無(n) 施(v) 勞(n) 子路(n) 曰(v) 願(n) 聞(v) 子(n) 之(u) 志(n) 子(n) 曰(v) 老(a) 者(k) 安(v) 之(u) 朋友(n) 信(v) 之(r) 少(a) 者(k) 懷(n) 之(u)
LY0527,子曰 已矣乎 吾未見能見其過而內自訟者也,子(n) 曰(v) 已(d) 矣(v) 乎(u) 吾(r) 未(d) 見(v) 能(v) 見(v) 其(r) 過(n) 而(c) 內(v) 自(r) 訟(v) 者(r) 也(d)
LY0528,子曰 十室之邑 必有忠信如丘者焉 不如丘之好學也,子(n) 曰(v) 十(m) 室(n) 之(u) 邑(n) 必(d) 有(v) 忠信(n) 如(v) 丘(n) 者(k) 焉(u) 不(n) 如(v) 丘(n) 之(u) 好(a) 學(n) 也(d)
LY0601,子曰 雍也可使南面,子(n) 曰(v) 雍(n) 也(d) 可使(v) 南面(nd)
LY0602,仲弓問子桑伯子 子曰 可也簡 仲弓曰 居敬而行簡 以臨其民 不亦可乎 居簡而行簡 無乃大簡乎 子曰 雍之言然,仲弓(v) 問(n) 子桑伯(n) 子(n) 子(n) 曰(v) 可(v) 也(d) 簡(v) 仲弓(v) 曰(v) 居敬(v) 而(c) 行(v) 簡(n) 以(p) 臨(v) 其(r) 民(n) 不(n) 亦(d) 可(v) 乎(u) 居(v) 簡(n) 而(c) 行(v) 簡(n) 無(n) 乃(v) 大(a) 簡(n) 乎(u) 子(n) 曰(v) 雍(n) 之(u) 言(n) 然(c)
LY0603,哀公問 弟子孰爲好學 孔子對曰 有顔回者好學 不遷怒 不貳過 不幸短命死矣 今也則亡 未聞好學者也,哀公(nh) 問(v) 弟子(n) 孰(r) 爲(v) 好(a) 學(n) 孔子(nh) 對(v) 曰(v) 有(v) 顔(v) 回(v) 者(r) 好(a) 學(n) 不(n) 遷(v) 怒(v) 不(v) 貳(n) 過(v) 不(n) 幸(v) 短命(a) 死(v) 矣(u) 今(nt) 也(d) 則(v) 亡(v) 未(d) 聞(v) 好(a) 學(n) 者(k) 也(d)
LY0604,子華使於齊 ?子爲其母請粟 子曰 與之釜 請益 曰 與之庾 ?子與之粟五秉 子曰 赤之適齊也 乘肥馬 衣輕? 吾聞之也 君子周急不繼富,子(n) 華(v) 使(v) 於(v) 齊(n) ?(wp) 子(n) 爲(v) 其(r) 母(n) 請(v) 粟(n) 子(n) 曰(v) 與(n) 之(u) 釜(n) 請(n) 益(v) 曰(v) 與(v) 之(u) 庾(n) ?(wp) 子(n) 與(v) 之(u) 粟五(n) 秉(v) 子(n) 曰(v) 赤(a) 之(u) 適(n) 齊(n) 也(d) 乘(v) 肥(n) 馬(v) 衣(n) 輕(n) ?(wp) 吾(r) 聞(n) 之(u) 也(d) 君子(n) 周(nh) 急(a) 不(n) 繼(v) 富(a)
LY0605,原思爲之宰 與之粟九百 辭 子曰 毋 以與爾?里鄕黨乎,原(d) 思(v) 爲(v) 之(u) 宰(v) 與(n) 之(u) 粟(n) 九百(m) 辭(q) 子(n) 曰(v) 毋(d) 以(p) 與(v) 爾(n) ?(wp) 里(nd) 鄕(v) 黨(v) 乎(u)
LY0606,子謂仲弓曰 犁牛之子 ?且角 雖欲勿用 山川其舍諸,子(n) 謂(n) 仲弓(v) 曰(v) 犁牛(n) 之(u) 子(n) ?(wp) 且(c) 角(n) 雖(n) 欲(d) 勿(d) 用(p) 山川(n) 其(r) 舍(v) 諸(nh)
LY0607,子曰 回也 其心三月不違仁 其餘則日月至焉而已矣,子(n) 曰(v) 回(v) 也(d) 其(r) 心(n) 三月(nt) 不(v) 違(n) 仁(nh) 其(r) 餘(n) 則(v) 日月(n) 至(p) 焉(r) 而(c) 已(d) 矣(u)
LY0608,季康子問 仲由可使從政也與 子曰 由也果 於從政乎何有 曰 賜也可使從政也與 曰 賜也達 於從政乎何有 曰 求也可使從政也與 曰 求也藝 於從政乎何有,季康子(n) 問(v) 仲由(v) 可使(v) 從(v) 政(n) 也(d) 與(v) 子(n) 曰(v) 由(p) 也(d) 果(d) 於(v) 從(v) 政(n) 乎(p) 何(r) 有(v) 曰(v) 賜(n) 也(d) 可使(v) 從(v) 政(n) 也(d) 與(v) 曰(v) 賜(n) 也(d) 達(v) 於(v) 從(v) 政(n) 乎(p) 何(r) 有(v) 曰(v) 求(v) 也(d) 可使(v) 從(v) 政(n) 也(d) 與(v) 曰(v) 求(v) 也(d) 藝(v) 於(v) 從(v) 政(n) 乎(p) 何(r) 有(v)
LY0609,季氏使閔子騫爲費宰 閔子騫曰 善爲我辭焉 如有復我者 則吾必在汶上矣,季氏(nh) 使(v) 閔(v) 子(n) 騫(v) 爲(v) 費(n) 宰(v) 閔(v) 子(n) 騫(v) 曰(v) 善(a) 爲(v) 我(r) 辭(v) 焉(r) 如(c) 有(v) 復(v) 我(r) 者(r) 則吾(n) 必(d) 在(p) 汶上(nl) 矣(u)
LY0610,伯牛有疾 子問之 自?執其手 曰 亡之 命矣夫 斯人也而有斯疾也 斯人也而有斯疾也,伯(ns) 牛(n) 有(v) 疾(n) 子(n) 問(v) 之(u) 自(r) ?(wp) 執(v) 其(r) 手(n) 曰(v) 亡(v) 之(u) 命(n) 矣(u) 夫(n) 斯人(n) 也(d) 而(c) 有(v) 斯(r) 疾(a) 也(u) 斯人(n) 也(d) 而(c) 有(v) 斯(r) 疾(a) 也(d)
LY0611,子曰 賢哉 回也 一簞食 一瓢飮 在陋巷 人不堪其憂 回也不改其樂 賢哉 回也,子(n) 曰(v) 賢(n) 哉(u) 回(v) 也(d) 一(m) 簞(q) 食(v) 一瓢(n) 飮(v) 在(p) 陋巷(n) 人(n) 不(v) 堪(v) 其(r) 憂(v) 回(v) 也(d) 不(d) 改(v) 其(r) 樂(n) 賢(v) 哉(u) 回(v) 也(d)
LY0612,?求曰 非不說子之道 力不足也 子曰 力不足者 中道而廢 今女畵,?(wp) 求(v) 曰(v) 非(h) 不(n) 說(v) 子(n) 之(u) 道(n) 力(n) 不(v) 足(a) 也(d) 子(n) 曰(v) 力(n) 不(v) 足(a) 者(k) 中(nd) 道(n) 而(c) 廢(v) 今(nt) 女(b) 畵(n)
LY0613,子謂子夏曰 女爲君子儒 無爲小人儒,子(n) 謂(v) 子(n) 夏(nt) 曰(v) 女(b) 爲(v) 君子(n) 儒(n) 無(n) 爲(v) 小人(n) 儒(n)
LY0614,子游爲武城宰 子曰 女得人焉耳乎 曰 有澹臺滅明者 行不由徑 非公事 未嘗至於偃之室也,子(n) 游(v) 爲武(v) 城(n) 宰(v) 子(n) 曰(v) 女(b) 得(u) 人(n) 焉(u) 耳(n) 乎(u) 曰(v) 有(v) 澹(n) 臺(n) 滅(v) 明(a) 者(k) 行(v) 不(n) 由(p) 徑(n) 非(h) 公事(n) 未(d) 嘗(v) 至(p) 於(ns) 偃(ns) 之(u) 室(n) 也(d)
LY0615,子曰 孟之反不伐 奔而殿 將入門 策其馬曰 非敢後也 馬不進也,子(n) 曰(v) 孟(j) 之(u) 反(v) 不(n) 伐(v) 奔(v) 而(c) 殿(n) 將(v) 入(v) 門(v) 策(n) 其(r) 馬(n) 曰(v) 非敢(b) 後(n) 也(d) 馬(v) 不(v) 進(n) 也(d)
LY0616,子曰 不有祝?之? 而有宋朝之美 難乎免於今之世矣,子(n) 曰(v) 不(n) 有(v) 祝(v) ?(wp) 之(u) ?(wp) 而(c) 有(v) 宋朝(nt) 之(u) 美(n) 難(v) 乎(u) 免(v) 於(v) 今(nt) 之(u) 世(n) 矣(u)
LY0617,子曰 誰能出不由戶 何莫由斯道也,子(n) 曰(v) 誰(n) 能(v) 出(v) 不(n) 由(p) 戶(v) 何(r) 莫(d) 由(p) 斯道(n) 也(d)
LY0618,子曰 質勝文則野 文勝質則史 文質彬彬 然後君子,子(n) 曰(v) 質(n) 勝(v) 文(n) 則(v) 野(a) 文(n) 勝(v) 質(n) 則(v) 史(n) 文(n) 質(v) 彬彬(nh) 然後(v) 君子(n)
LY0619,子曰 人之生也直 罔之生也幸而免,子(n) 曰(v) 人(n) 之(u) 生(n) 也(d) 直(d) 罔(v) 之(u) 生(n) 也(d) 幸(v) 而(c) 免(v)
LY0620,子曰 知之者不如好之者 好之者不如樂之者,子(n) 曰(v) 知(v) 之(r) 者(n) 不(a) 如(v) 好(a) 之(u) 者(n) 好(a) 之(u) 者(n) 不(n) 如(v) 樂(a) 之(u) 者(n)
LY0621,子曰 中人以上 可以語上也 中人以下 不可以語上也,子(n) 曰(v) 中人(n) 以(p) 上(nd) 可(v) 以(p) 語(n) 上(nd) 也(d) 中人(n) 以(p) 下(v) 不(n) 可(v) 以(p) 語(n) 上(nd) 也(d)
LY0622,樊遲問知 子曰 務民之義 敬鬼神而遠之 可謂知矣 問仁 曰 仁者先難而後獲 可謂仁矣,樊(nh) 遲(v) 問(n) 知(v) 子(n) 曰(v) 務(v) 民(n) 之(u) 義(n) 敬(v) 鬼神(n) 而(c) 遠(v) 之(u) 可(v) 謂(v) 知(v) 矣(u) 問(n) 仁(nh) 曰(v) 仁(n) 者(k) 先(d) 難(v) 而(c) 後(v) 獲(n) 可(v) 謂(v) 仁(n) 矣(u)
LY0623,子曰 知者樂水 仁者樂山 知者動 仁者靜 知者樂 仁者壽,子(n) 曰(v) 知(v) 者(r) 樂(v) 水(n) 仁(n) 者(k) 樂(v) 山(n) 知(v) 者(k) 動(v) 仁(n) 者(r) 靜(a) 知(v) 者(r) 樂(v) 仁(n) 者(r) 壽(n)
LY0624,子曰 齊一變 至於魯 魯一變 至於道,子(n) 曰(v) 齊(n) 一(m) 變(q) 至(p) 於(ns) 魯(ns) 魯(v) 一(m) 變(q) 至(p) 於(v) 道(n)
LY0625,子曰 ?不? ?哉 ?哉,子(n) 曰(v) ?(wp) 不(n) ?(wp) ?(wp) 哉(u) ?(wp) 哉(u)
LY0626,宰我問曰 仁者 雖告之曰 井有仁焉 其從之也 子曰 何爲其然也 君子可逝也 不可陷也 可欺也 不可罔也,宰我(r) 問(n) 曰(v) 仁(n) 者(r) 雖(n) 告(v) 之(r) 曰(v) 井(n) 有(v) 仁(n) 焉(u) 其(r) 從(n) 之(u) 也(d) 子(n) 曰(v) 何(r) 爲(v) 其(r) 然(r) 也(d) 君子(n) 可(v) 逝(v) 也(d) 不(v) 可(v) 陷(v) 也(d) 可(v) 欺(v) 也(d) 不(v) 可(v) 罔(v) 也(d)
LY0627,子曰 君子博學於文 約之以禮 亦可以弗畔矣夫,子(n) 曰(v) 君子(n) 博(v) 學(v) 於(v) 文(n) 約(v) 之(r) 以(p) 禮(n) 亦(d) 可(v) 以(p) 弗(ns) 畔(n) 矣(u) 夫(n)
LY0628,子見南子 子路不說 夫子矢之曰 予所否者 天厭之 天厭之,子(n) 見(n) 南(nd) 子(n) 子(n) 路(n) 不(n) 說(v) 夫子(n) 矢(n) 之(u) 曰(v) 予(v) 所(u) 否(v) 者(k) 天(n) 厭(v) 之(u) 天(n) 厭(v) 之(u)
LY0629,子曰 中庸之爲德也 其至矣乎 民鮮久矣,子(n) 曰(v) 中庸(n) 之(u) 爲(n) 德(n) 也(d) 其(r) 至(v) 矣(u) 乎(p) 民(n) 鮮(v) 久(a) 矣(u)
LY0630,子貢曰 如有博施於民而能濟衆 何如 可謂仁乎 子曰 何事於仁 必也聖乎 堯舜其猶病諸 夫仁者 己欲立而立人 己欲達而達人 能近取譬 可謂仁之方也已,子貢(n) 曰(v) 如(c) 有(v) 博施(n) 於(v) 民(n) 而(c) 能(v) 濟(v) 衆(v) 何(r) 如(v) 可(v) 謂(v) 仁(n) 乎(u) 子(n) 曰(v) 何(r) 事(n) 於(v) 仁(n) 必(d) 也(d) 聖(v) 乎(u) 堯(v) 舜(v) 其(r) 猶(n) 病(n) 諸(v) 夫(n) 仁(n) 者(k) 己欲立(v) 而(c) 立(v) 人(n) 己(r) 欲(d) 達(v) 而(c) 達(v) 人(n) 能近取譬(n) 可(v) 謂(v) 仁(n) 之(u) 方(n) 也(d) 已(d)
LY0701,子曰 述而不作 信而好古 竊比於我老彭,子(n) 曰(v) 述(v) 而(c) 不(n) 作(v) 信(n) 而(c) 好古(a) 竊(n) 比(p) 於(v) 我(r) 老(a) 彭(nh)
LY0702,子曰 ?而識之 學而不厭 誨人不倦 何有於我哉,子(n) 曰(v) ?(wp) 而(c) 識(v) 之(u) 學(n) 而(c) 不(v) 厭(n) 誨(v) 人(n) 不(n) 倦(v) 何(r) 有(v) 於(v) 我(r) 哉(u)
LY0703,子曰 德之不脩 學之不講 聞義不能徙 不善不能改 是吾憂也,子(n) 曰(v) 德(n) 之(u) 不(n) 脩(v) 學(n) 之(u) 不(n) 講(v) 聞(n) 義(v) 不(n) 能(v) 徙(v) 不(v) 善(a) 不(n) 能(v) 改(v) 是(v) 吾(r) 憂(n) 也(d)
LY0704,子之燕居 申申如也 夭夭如也,子(n) 之(u) 燕居(n) 申申(nh) 如(v) 也(d) 夭夭(v) 如(v) 也(nh)
LY0705,子曰 甚矣吾衰也 久矣吾不復夢見周公,子(n) 曰(v) 甚(d) 矣(u) 吾(r) 衰(a) 也(d) 久(a) 矣(u) 吾(r) 不(v) 復(n) 夢(v) 見(n) 周公(nh)
LY0706,子曰 志於道 據於德 依於仁 遊於藝,子(n) 曰(v) 志(n) 於(v) 道(v) 據(v) 於(v) 德(n) 依(v) 於(n) 仁(nh) 遊(v) 於(v) 藝(n)
LY0707,子曰 自行束脩以上 吾未嘗無誨焉,子(n) 曰(v) 自(r) 行(v) 束脩(n) 以(p) 上(v) 吾(r) 未(d) 嘗(v) 無(v) 誨(n) 焉(u)
LY0708,子曰 不憤不啓 不?不發 擧一隅 不以三隅反 則不復也,子(n) 曰(v) 不(n) 憤(n) 不(v) 啓(v) 不(n) ?(wp) 不(v) 發(n) 擧(v) 一隅(n) 不(v) 以(p) 三隅(j) 反(v) 則(n) 不(v) 復(n) 也(d)
LY0709,子食於有喪者之側 未嘗飽也,子(n) 食(v) 於(n) 有(v) 喪(v) 者(r) 之(u) 側(n) 未(d) 嘗(v) 飽(n) 也(d)
LY0710,子於是日哭 則不歌,子(n) 於(v) 是(v) 日(q) 哭(v) 則(n) 不(v) 歌(n)
LY0711,子謂顔淵曰 用之則行 舍之則藏 唯我與爾有是夫 子路曰 子行三軍 則誰與 子曰 暴虎馮河 死而無悔者 吾不與也 必也臨事而懼 好謀而成者也,子(n) 謂(v) 顔(n) 淵(v) 曰(v) 用(v) 之(u) 則(n) 行(v) 舍(v) 之(u) 則藏(n) 唯(d) 我(r) 與(v) 爾(n) 有(v) 是(v) 夫(n) 子路(n) 曰(v) 子(n) 行(v) 三(m) 軍(q) 則(v) 誰(n) 與(v) 子(n) 曰(v) 暴虎(n) 馮(v) 河(n) 死(v) 而(c) 無(v) 悔(v) 者(k) 吾(r) 不(v) 與(r) 也(d) 必(d) 也(d) 臨(v) 事(n) 而(c) 懼(v) 好(a) 謀(n) 而(c) 成(v) 者(r) 也(d)
LY0712,子曰 富而可求也 雖執鞭之士 吾亦爲之 如不可求 從吾所好,子(n) 曰(v) 富(a) 而(c) 可求(v) 也(d) 雖(v) 執(v) 鞭(n) 之(u) 士(n) 吾(r) 亦(d) 爲(v) 之(u) 如(v) 不(n) 可(v) 求(v) 從(v) 吾(r) 所(u) 好(a)
LY0713,子之所愼 齊 戰 疾,子(n) 之(u) 所(u) 愼(v) 齊(n) 戰(v) 疾(n)
LY0714,子在齊聞韶 三月不知肉味 曰 不圖爲樂之至於斯也,子(n) 在(p) 齊(n) 聞(v) 韶(n) 三月(nt) 不(n) 知(v) 肉味(n) 曰(v) 不(v) 圖(n) 爲(v) 樂(n) 之(u) 至(p) 於(ns) 斯(r) 也(d)
LY0715,?有曰 夫子爲衛君乎 子貢曰 諾 吾將問之 入曰 伯夷叔齊何人也 曰 古之賢人也 曰 怨乎 曰 求仁而得仁 又何怨 出曰 夫子不爲也,?(wp) 有(v) 曰(v) 夫子(n) 爲(v) 衛(v) 君(n) 乎(u) 子貢(n) 曰(v) 諾(v) 吾(r) 將(v) 問(n) 之(u) 入(v) 曰(v) 伯夷叔(n) 齊(v) 何(r) 人(n) 也(d) 曰(v) 古(a) 之(u) 賢(n) 人(n) 也(d) 曰(v) 怨(v) 乎(u) 曰(v) 求仁(v) 而(c) 得(v) 仁(n) 又(d) 何(r) 怨(v) 出(v) 曰(v) 夫子(n) 不(n) 爲(v) 也(d)
LY0716,子曰 飯疏食飮水 曲肱而枕之 樂亦在其中矣 不義而富且貴 於我如浮雲,子(n) 曰(v) 飯(n) 疏食(v) 飮(v) 水(n) 曲肱(n) 而(c) 枕(v) 之(u) 樂(n) 亦(d) 在(p) 其(r) 中(nd) 矣(u) 不(v) 義(n) 而(c) 富且(v) 貴(v) 於(v) 我(r) 如(v) 浮雲(nh)
LY0717,子曰 加我數年 五十以學易 可以無大過矣,子(n) 曰(v) 加(v) 我(r) 數(m) 年(q) 五十(m) 以(p) 學(n) 易(a) 可(v) 以(p) 無(n) 大(a) 過(n) 矣(u)
LY0718,子所雅言 詩　書　執禮 皆雅言也,子(n) 所(u) 雅言(n) 詩(v) 書(n) 執(v) 禮(n) 皆(d) 雅言(a) 也(u)
LY0719,葉公問孔子於子路 子路不對 子曰 女奚不曰 其爲人也 發憤忘食 樂以忘憂 不知老之將至云爾,葉(v) 公(n) 問(v) 孔子(nh) 於(v) 子(n) 路(n) 子(n) 路(n) 不(n) 對(v) 子(n) 曰(v) 女(b) 奚(n) 不(v) 曰(v) 其(r) 爲(v) 人(n) 也(d) 發(v) 憤(n) 忘食(v) 樂(n) 以(p) 忘(v) 憂(n) 不(n) 知(v) 老(a) 之(u) 將(n) 至(p) 云(n) 爾(nh)
LY0720,子曰 我非生而知之者 好古敏以求之者也,子(n) 曰(v) 我(r) 非(d) 生(v) 而(c) 知(v) 之(r) 者(k) 好古敏(a) 以(c) 求(v) 之(r) 者(n) 也(d)
LY0721,子不語怪力亂神,子(n) 不(v) 語(n) 怪(v) 力(n) 亂(v) 神(n)
LY0722,子曰 三人行 必有我師焉 擇其善者而從之 其不善者而改之,子(n) 曰(v) 三人(n) 行(n) 必(d) 有(v) 我(r) 師(v) 焉(r) 擇(v) 其(r) 善(a) 者(k) 而(c) 從(v) 之(u) 其(r) 不(a) 善(a) 者(k) 而(c) 改(v) 之(u)
LY0723,子曰 天生德於予 桓?其如予何,子(n) 曰(v) 天(n) 生(v) 德(n) 於(v) 予(v) 桓(v) ?(wp) 其(r) 如(v) 予(v) 何(r)
LY0724,子曰 二三子以我爲隱乎 吾無隱乎爾 吾無行而不與二三子者 是丘也,子(n) 曰(v) 二三(m) 子(n) 以(p) 我(r) 爲(v) 隱(n) 乎(u) 吾(r) 無(v) 隱(n) 乎(u) 爾(v) 吾(r) 無(v) 行(n) 而(c) 不(v) 與(n) 二三(m) 子(n) 者(k) 是(v) 丘(n) 也(d)
LY0725,子以四敎 文 行 忠 信,子(n) 以(p) 四(m) 敎(q) 文(n) 行(v) 忠(a) 信(n)
LY0726,子曰 聖人 吾不得而見之矣 得見君子者 斯可矣 子曰 善人 吾不得而見之矣 得見有?者 斯可矣 亡而爲有 虛而爲盈 約而爲泰 難乎有?矣,子(n) 曰(v) 聖(v) 人(n) 吾(r) 不(v) 得(v) 而(c) 見(v) 之(u) 矣(u) 得(u) 見君(v) 子(n) 者(k) 斯可(v) 矣(u) 子(n) 曰(v) 善人(n) 吾(r) 不(v) 得(v) 而(c) 見(v) 之(u) 矣(u) 得(u) 見(v) 有(v) ?(wp) 者(k) 斯可(v) 矣(u) 亡(v) 而(c) 爲(v) 有(v) 虛(n) 而(c) 爲(v) 盈(v) 約(n) 而(c) 爲(v) 泰(j) 難(v) 乎(u) 有(v) ?(wp) 矣(u)
LY0727,子釣而不網 ?不射宿,子(n) 釣(v) 而(c) 不(v) 網(n) ?(wp) 不(v) 射(v) 宿(n)
LY0728,子曰 蓋有不知而作之者 我無是也 多聞 擇其善者而從之 多見而識之 知之次也,子(n) 曰(v) 蓋(n) 有(v) 不(n) 知(v) 而(c) 作(v) 之(r) 者(k) 我(r) 無(n) 是(v) 也(d) 多(a) 聞(v) 擇(v) 其(r) 善(a) 者(k) 而(c) 從(v) 之(u) 多(n) 見(n) 而(c) 識(v) 之(u) 知(v) 之(r) 次(n) 也(d)
LY0729,互鄕難與言 童子見 門人惑 子曰 與其進也 不與其退也 唯何甚 人?己以進 與其?也 不保其往也,互(d) 鄕(v) 難(v) 與(n) 言(v) 童子(n) 見(v) 門(v) 人(n) 惑(v) 子(n) 曰(v) 與(v) 其(r) 進(n) 也(d) 不(v) 與(v) 其(r) 退(v) 也(d) 唯(d) 何(r) 甚(d) 人(n) ?(wp) 己(r) 以(p) 進(v) 與(v) 其(r) ?(wp) 也(d) 不(v) 保(v) 其(r) 往(p) 也(nh)
LY0730,子曰 仁遠乎哉 我欲仁 斯仁至矣,子(n) 曰(v) 仁(n) 遠(v) 乎(u) 哉(u) 我(r) 欲(d) 仁(v) 斯(r) 仁(n) 至(v) 矣(u)
LY0731,陳司敗問昭公知禮乎 孔子曰 知禮 孔子退 揖巫馬期而進之 曰 吾聞君子不黨 君子亦黨乎 君取於吳爲同姓 謂之吳孟子 君而知禮 孰不知禮 巫馬期以告 子曰 丘也幸 苟有過 人必知之,陳(v) 司(n) 敗(v) 問(n) 昭公(d) 知(v) 禮(n) 乎(u) 孔子(nh) 曰(v) 知(v) 禮(n) 孔子(nh) 退(v) 揖巫(v) 馬(n) 期(n) 而(c) 進(v) 之(u) 曰(v) 吾(r) 聞(n) 君子(n) 不(v) 黨(n) 君子(n) 亦(d) 黨(v) 乎(p) 君(n) 取(v) 於(n) 吳(n) 爲(v) 同姓(v) 謂(n) 之(u) 吳(n) 孟子(nh) 君(n) 而(c) 知(v) 禮(n) 孰(r) 不(v) 知(v) 禮(n) 巫(n) 馬(v) 期(n) 以(p) 告(v) 子(n) 曰(v) 丘(n) 也(d) 幸(v) 苟(c) 有(v) 過(v) 人(n) 必(d) 知(v) 之(r)
LY0732,子與人歌而善 必使反之 而後和之,子(n) 與(v) 人(n) 歌(n) 而(c) 善(a) 必(d) 使(v) 反(v) 之(r) 而(c) 後(v) 和(c) 之(r)
LY0733,子曰 文莫吾猶人也 躬行君子 則吾未之有得,子(n) 曰(v) 文(n) 莫(d) 吾(r) 猶(v) 人(n) 也(d) 躬行(v) 君子(n) 則吾(v) 未(d) 之(u) 有(v) 得(u)
LY0734,子曰 若聖與仁 則吾豈敢 抑爲之不厭 誨人不倦 則可謂云爾已矣 公西華曰 正唯弟子不能學也,子(n) 曰(v) 若(c) 聖(n) 與(v) 仁(n) 則吾(v) 豈(n) 敢(v) 抑(v) 爲(v) 之(u) 不(n) 厭(n) 誨(v) 人(n) 不(v) 倦(a) 則(n) 可(v) 謂(v) 云(n) 爾(n) 已(d) 矣(u) 公(n) 西(nd) 華(n) 曰(v) 正(d) 唯(d) 弟子(n) 不(d) 能(v) 學(v) 也(d)
LY0735,子疾病 子路請禱 子曰 有諸 子路對曰 有之 ?曰 禱爾于上下神祇 子曰 丘之禱久矣,子(n) 疾病(n) 子路(n) 請(v) 禱(n) 子(n) 曰(v) 有(v) 諸(n) 子路(n) 對(v) 曰(v) 有(v) 之(n) ?(wp) 曰(v) 禱(n) 爾(v) 于(p) 上下(nd) 神祇(n) 子(n) 曰(v) 丘(n) 之(u) 禱(n) 久(a) 矣(u)
LY0736,子曰 奢則不孫 儉則固 與其不孫也 寧固,子(n) 曰(v) 奢(a) 則(n) 不(v) 孫(n) 儉(v) 則(n) 固(d) 與(v) 其(r) 不(n) 孫(n) 也(d) 寧(v) 固(v)
LY0737,子曰 君子坦蕩蕩 小人長戚戚,子(n) 曰(v) 君子(n) 坦(j) 蕩(j) 蕩(v) 小人(n) 長(v) 戚戚(nh)
LY0738,子溫而? 威而不猛 恭而安,子(n) 溫(v) 而(c) ?(wp) 威(n) 而(c) 不(v) 猛(d) 恭(a) 而(c) 安(v)
LY0801,子曰 泰伯 其可謂至德也已矣 三以天下讓 民無得而稱焉,子(n) 曰(v) 泰伯(n) 其(r) 可(v) 謂(v) 至德(nh) 也(d) 已(d) 矣(u) 三(m) 以(p) 天下(n) 讓(v) 民(n) 無(v) 得(v) 而(c) 稱(v) 焉(u)
LY0802,子曰 恭而無禮則勞 愼而無禮則? 勇而無禮則亂 直而無禮則絞 君子篤於親 則民興於仁 故舊不遺 則民不偸,子(n) 曰(v) 恭(a) 而(c) 無(v) 禮(n) 則(v) 勞(v) 愼(n) 而(c) 無(v) 禮(v) 則(n) ?(wp) 勇(a) 而(c) 無(v) 禮(n) 則(v) 亂(n) 直(a) 而(c) 無(n) 禮(v) 則(n) 絞(v) 君子(n) 篤(v) 於(v) 親(n) 則(v) 民(n) 興(v) 於(v) 仁(n) 故舊(v) 不(v) 遺(n) 則(v) 民(n) 不(v) 偸(n)
LY0803,曾子有疾 召門弟子曰 啓予足 啓予手 詩云 戰戰兢兢 如臨深淵 如履薄氷 而今而後 吾知免夫 小子,曾子(nh) 有(v) 疾(n) 召(v) 門(n) 弟子(n) 曰(v) 啓(n) 予(v) 足(d) 啓(v) 予(v) 手(n) 詩(v) 云(n) 戰(v) 戰(n) 兢兢(i) 如(v) 臨(n) 深(d) 淵(v) 如(v) 履薄氷(n) 而(c) 今(nt) 而(c) 後(v) 吾(r) 知(v) 免夫(n) 小(a) 子(n)
LY0804,曾子有疾 孟敬子問之 曾子言曰 鳥之將死 其鳴也哀 人之將死 其言也善 君子所貴乎道者三 動容貌 斯遠暴慢矣 正顔色 斯近信矣 出辭氣 斯遠鄙倍矣 ?豆之事 則有司存,曾子(nh) 有(v) 疾(n) 孟敬子(v) 問(n) 之(u) 曾子(n) 言(v) 曰(v) 鳥(v) 之(u) 將(v) 死(v) 其(r) 鳴(n) 也(d) 哀(v) 人(n) 之(u) 將(v) 死(v) 其(r) 言(n) 也(d) 善(a) 君子(n) 所(u) 貴(v) 乎(u) 道(n) 者(k) 三(m) 動(q) 容貌(n) 斯(r) 遠(v) 暴慢(a) 矣(u) 正(d) 顔色(v) 斯(r) 近(a) 信(n) 矣(u) 出(v) 辭(n) 氣(v) 斯(r) 遠(v) 鄙(m) 倍(q) 矣(u) ?(wp) 豆(n) 之(u) 事(n) 則(d) 有(v) 司(n) 存(v)
LY0805,曾子曰 以能問於不能 以多問於寡 有若無 實若虛 犯而不校 昔者吾友嘗從事於斯矣,曾子(nh) 曰(v) 以(p) 能(v) 問(v) 於(v) 不(n) 能(v) 以(p) 多(m) 問(q) 於(n) 寡(a) 有(v) 若(v) 無(n) 實(n) 若(c) 虛(v) 犯(v) 而(c) 不(v) 校(n) 昔(nt) 者(k) 吾友(n) 嘗(v) 從(v) 事(n) 於(v) 斯(r) 矣(u)
LY0806,曾子曰 可以託六尺之孤 可以寄百里之命 臨大節而不可奪也 君子人與 君子人也,曾子(nh) 曰(v) 可(v) 以(p) 託(v) 六尺(i) 之(u) 孤(n) 可(v) 以(p) 寄(v) 百里(n) 之(u) 命(n) 臨(n) 大(a) 節(n) 而(c) 不(n) 可(v) 奪(v) 也(d) 君子(n) 人(n) 與(v) 君子(n) 人(n) 也(d)
LY0807,曾子曰 士不可以不弘毅 任重而道遠 仁以爲己任 不亦重乎 死而後已 不亦遠乎,曾子(nh) 曰(v) 士(n) 不(n) 可(v) 以(p) 不(n) 弘毅(v) 任重(i) 而(c) 道(n) 遠(v) 仁(n) 以(p) 爲己(n) 任(v) 不(n) 亦(d) 重(v) 乎(u) 死(v) 而(c) 後(v) 已(d) 不(v) 亦(d) 遠(v) 乎(u)
LY0808,子曰 興於詩 立於禮 成於樂,子(n) 曰(v) 興(v) 於(n) 詩(v) 立(v) 於(n) 禮(v) 成(v) 於(v) 樂(n)
LY0809,子曰 民可使由之 不可使知之,子(n) 曰(v) 民(n) 可使(v) 由(p) 之(r) 不(n) 可使(v) 知(v) 之(u)
LY0810,子曰 好勇疾貧 亂也 人而不仁 疾之已甚 亂也,子(n) 曰(v) 好勇(a) 疾(n) 貧(v) 亂(n) 也(d) 人(n) 而(c) 不(v) 仁(n) 疾(n) 之(u) 已(d) 甚(d) 亂(v) 也(d)
LY0811,子曰 如有周公之才之美 使驕且吝 其餘不足觀也已,子(n) 曰(v) 如(c) 有(v) 周公(nh) 之(u) 才(n) 之(u) 美(n) 使(v) 驕(a) 且(c) 吝(v) 其(r) 餘(n) 不(v) 足(a) 觀(n) 也(d) 已(d)
LY0812,子曰 三年學 不至於穀 不易得也,子(n) 曰(v) 三年(nt) 學(n) 不(v) 至(p) 於(ns) 穀(v) 不(n) 易(a) 得(u) 也(d)
LY0813,子曰 篤信好學 守死善道 危邦不入 亂邦不居 天下有道則見 無道則隱 邦有道 貧且賤焉 恥也 邦無道 富且貴焉 恥也,子(n) 曰(v) 篤(n) 信(n) 好(a) 學(v) 守(v) 死(v) 善(a) 道(v) 危邦(n) 不(v) 入(v) 亂(n) 邦(n) 不(v) 居(v) 天下(n) 有(v) 道(n) 則(v) 見(n) 無(v) 道(n) 則(v) 隱(n) 邦(n) 有(v) 道(n) 貧(a) 且(c) 賤(v) 焉(u) 恥(v) 也(u) 邦(n) 無(v) 道(n) 富且(v) 貴(n) 焉(u) 恥(n) 也(d)
LY0814,子曰 不在其位 不謀其政,子(n) 曰(v) 不(n) 在(p) 其(r) 位(n) 不(v) 謀(v) 其(r) 政(n)
LY0815,子曰 師摯之始 關雎之亂 洋洋乎 盈耳哉,子(n) 曰(v) 師(v) 摯(n) 之(u) 始(v) 關(v) 雎(n) 之(u) 亂(n) 洋洋(z) 乎(u) 盈耳(n) 哉(u)
LY0816,子曰 狂而不直 ?而不愿 ??而不信 吾不知之矣,子(n) 曰(v) 狂(a) 而(c) 不(v) 直(d) ?(v) 而(c) 不(v) 愿(v) ?(wp) ?(wp) 而(c) 不(d) 信(v) 吾(r) 不(v) 知(v) 之(u) 矣(u)
LY0817,子曰 學如不及 猶恐失之,子(n) 曰(v) 學(n) 如(v) 不(n) 及(c) 猶(n) 恐失(v) 之(u)
LY0818,子曰 巍巍乎 舜禹之有天下也而不與焉,子(n) 曰(v) 巍巍(z) 乎(u) 舜禹(n) 之(u) 有(v) 天下(n) 也(d) 而(c) 不(v) 與(n) 焉(u)
LY0819,子曰 大哉堯之爲君也 巍巍乎 唯天爲大 唯堯則之 蕩蕩乎 民無能名焉 巍巍乎 其有成功也 煥乎其有文章,子(n) 曰(v) 大(a) 哉(u) 堯(n) 之(u) 爲(v) 君(n) 也(d) 巍巍(z) 乎(u) 唯(d) 天(n) 爲大(nh) 唯(d) 堯(v) 則(v) 之(u) 蕩(n) 蕩(n) 乎(p) 民(n) 無(v) 能(v) 名(n) 焉(u) 巍巍(z) 乎(p) 其(r) 有(v) 成功(a) 也(d) 煥(v) 乎(p) 其(r) 有(v) 文章(n)
LY0820,舜有臣五人而天下治 武王曰 予有亂臣十人 孔子曰 才難 不其然乎 唐虞之際 於斯爲盛 有婦人焉 九人而已 三分天下有其二 以服事殷 周之德 其可謂至德也已矣,舜(n) 有(v) 臣(n) 五人(n) 而(c) 天下(n) 治(v) 武王(n) 曰(v) 予(v) 有(v) 亂(n) 臣(n) 十人(n) 孔子(nh) 曰(v) 才(d) 難(v) 不(v) 其(r) 然(r) 乎(u) 唐虞(nh) 之(u) 際(n) 於(v) 斯(r) 爲(v) 盛(v) 有(v) 婦(n) 人(n) 焉(u) 九人(n) 而(c) 已(d) 三分(j) 天下(n) 有(v) 其(r) 二(m) 以(p) 服(v) 事(n) 殷(nh) 周(nh) 之(u) 德(n) 其(r) 可(v) 謂(v) 至德(nh) 也(d) 已(d) 矣(u)
LY0821,子曰 禹 吾無間然矣 菲飮食 而致孝乎鬼神 惡衣服 而致美乎?冕 卑宮室 而盡力乎溝? 禹 吾無間然矣,子(n) 曰(v) 禹(v) 吾(r) 無(v) 間(v) 然(r) 矣(u) 菲(j) 飮(v) 食(v) 而(c) 致(v) 孝(n) 乎(u) 鬼神(n) 惡(v) 衣服(n) 而(c) 致(v) 美(a) 乎(u) ?(wp) 冕(n) 卑(a) 宮(n) 室(n) 而(c) 盡(v) 力(n) 乎(u) 溝(n) ?(wp) 禹(v) 吾(r) 無(v) 間(v) 然(r) 矣(u)
LY0901,子罕言利與命與仁,子(n) 罕言(v) 利(n) 與(v) 命(n) 與(nh) 仁(nh)
LY0902,達巷黨人曰 大哉孔子 博學而無所成名 子聞之 謂門弟子曰 吾何執 執御乎 執射乎 吾執御矣,達(v) 巷(n) 黨(v) 人(n) 曰(v) 大(a) 哉(u) 孔子(nh) 博(v) 學(v) 而(c) 無(v) 所(u) 成名(v) 子(n) 聞(v) 之(u) 謂(n) 門(n) 弟子(n) 曰(v) 吾(r) 何(r) 執(n) 執(v) 御(v) 乎(u) 執(v) 射(v) 乎(u) 吾(r) 執(v) 御(v) 矣(u)
LY0903,子曰 麻冕 禮也 今也純 儉 吾從衆 拜下 禮也 今拜乎上 泰也 雖違衆 吾從下,子(n) 曰(v) 麻冕(n) 禮(n) 也(d) 今(nt) 也(d) 純(v) 儉(v) 吾(r) 從(v) 衆(n) 拜(v) 下(nd) 禮(n) 也(d) 今(nt) 拜(v) 乎(u) 上(v) 泰(j) 也(d) 雖(v) 違(n) 衆(v) 吾(r) 從(n) 下(nd)
LY0904,子絶四 毋意 毋必 毋固 毋我,子(n) 絶(v) 四(m) 毋(q) 意(n) 毋(d) 必(d) 毋(d) 固(v) 毋(v) 我(r)
LY0905,子畏於匡 曰 文王旣沒 文不在玆乎 天之將喪斯文也 後死者不得與於斯文也 天之未喪斯文也 匡人其如予何,子(n) 畏(v) 於(n) 匡(v) 曰(v) 文王(n) 旣(n) 沒(v) 文(n) 不(v) 在(p) 玆(v) 乎(u) 天(n) 之(u) 將(n) 喪(v) 斯文(a) 也(d) 後(v) 死(v) 者(k) 不(v) 得(u) 與(v) 於(v) 斯文(a) 也(d) 天(n) 之(u) 未(d) 喪(v) 斯文(a) 也(d) 匡人(v) 其(r) 如(v) 予(v) 何(r)
LY0906,大宰問於子貢曰 夫子聖者與 何其多能也 子貢曰 固天縱之將聖 又多能也 子聞之曰 大宰知我乎 吾少也賤 故多能鄙事 君子多乎哉 不多也,大(a) 宰(v) 問(v) 於(n) 子貢(v) 曰(v) 夫子(n) 聖(n) 者(k) 與(v) 何(r) 其(r) 多(a) 能(v) 也(d) 子貢(v) 曰(v) 固(v) 天(n) 縱(v) 之(u) 將(n) 聖(n) 又(d) 多(a) 能(v) 也(d) 子(n) 聞(v) 之(u) 曰(v) 大(a) 宰(v) 知我(n) 乎(u) 吾(r) 少(a) 也(d) 賤(a) 故(c) 多(a) 能(v) 鄙事(v) 君子(n) 多(a) 乎(u) 哉(u) 不(n) 多(a) 也(d)
LY0907,牢曰 子云 吾不試 故藝,牢(n) 曰(v) 子(n) 云(n) 吾(r) 不(v) 試(n) 故(c) 藝(nh)
LY0908,子曰 吾有知乎哉 無知也 有鄙夫問於我 空空如也 我叩其兩端而竭焉,子(n) 曰(v) 吾(r) 有(v) 知(v) 乎(u) 哉(u) 無(d) 知(v) 也(d) 有(v) 鄙夫(n) 問(v) 於(v) 我(r) 空空(a) 如(v) 也(d) 我(r) 叩(v) 其(r) 兩(n) 端(v) 而(c) 竭(v) 焉(u)
LY0909,子曰 鳳鳥不至 河不出圖 吾已矣夫,子(n) 曰(v) 鳳(n) 鳥(n) 不(v) 至(p) 河(n) 不(v) 出(v) 圖(v) 吾(r) 已(d) 矣(u) 夫(n)
LY0910,子見齊衰者冕衣裳者與?者 見之 雖少必作 過之必趨,子(n) 見(v) 齊(n) 衰(a) 者(k) 冕(v) 衣裳(n) 者(k) 與(a) ?(wp) 者(k) 見(n) 之(u) 雖(n) 少(a) 必(d) 作(v) 過(v) 之(u) 必(d) 趨(v)
LY0911,顔淵?然歎曰 仰之彌高 鑽之彌堅 瞻之在前 忽焉在後 夫子循循然善誘人 博我以文 約我以禮 欲罷不能 旣竭吾才 如有所立卓爾 雖欲從之 末由也已,顔(v) 淵(n) ?(wp) 然(r) 歎(n) 曰(v) 仰(v) 之(r) 彌(n) 高(a) 鑽(n) 之(u) 彌(n) 堅(n) 瞻(v) 之(u) 在(p) 前(nd) 忽(d) 焉(u) 在(p) 後(v) 夫子(n) 循循然(d) 善(a) 誘(v) 人(n) 博(v) 我(r) 以(p) 文(n) 約(v) 我(r) 以(p) 禮(n) 欲(d) 罷(v) 不(n) 能(v) 旣(v) 竭吾才(n) 如(c) 有(v) 所(u) 立(v) 卓(n) 爾(v) 雖(n) 欲(d) 從(v) 之(u) 末(n) 由(p) 也(d) 已(d)
LY0912,子疾病 子路使門人爲臣 病間 曰 久矣哉 由之行詐也 無臣而爲有臣 吾誰欺 欺天乎 且予與其死於臣之手也 無寧死於二三子之手乎 且予縱不得大葬 予死於道路乎,子(n) 疾病(n) 子路(n) 使(v) 門(v) 人(n) 爲(v) 臣(n) 病(n) 間(v) 曰(v) 久(a) 矣(u) 哉(u) 由(p) 之(r) 行(n) 詐(n) 也(d) 無(v) 臣(n) 而(c) 爲(v) 有(v) 臣(n) 吾(r) 誰(v) 欺(v) 欺天(v) 乎(u) 且(c) 予(v) 與(v) 其(r) 死(v) 於(v) 臣(n) 之(u) 手(n) 也(d) 無(v) 寧(v) 死(v) 於(v) 二三(m) 子(n) 之(u) 手(n) 乎(u) 且(c) 予(v) 縱(n) 不(v) 得(u) 大(a) 葬(v) 予(v) 死(v) 於(v) 道路(n) 乎(u)
LY0913,子貢曰 有美玉於斯 ??而藏諸 求善賈而沽諸 子曰 沽之哉 沽之哉 我待賈者也,子貢(nh) 曰(v) 有(v) 美玉(n) 於(v) 斯(r) ?(wp) ?(wp) 而(c) 藏(v) 諸(n) 求(v) 善(a) 賈(n) 而(c) 沽(v) 諸(n) 子(n) 曰(v) 沽(n) 之(u) 哉(u) 沽(n) 之(u) 哉(u) 我(r) 待(v) 賈(n) 者(k) 也(d)
LY0914,子欲居九夷 或曰 陋如之何 子曰 君子居之 何陋之有,子(n) 欲(d) 居(v) 九夷(n) 或(c) 曰(v) 陋(a) 如(v) 之(u) 何(r) 子(n) 曰(v) 君子(n) 居(v) 之(u) 何(r) 陋(a) 之(u) 有(v)
LY0915,子曰 吾自衛反魯 然後樂正 雅頌各得其所,子(n) 曰(v) 吾(r) 自(p) 衛(v) 反(v) 魯(n) 然後(v) 樂(n) 正(d) 雅(a) 頌(n) 各(r) 得(v) 其(r) 所(u)
LY0916,子曰 出則事公卿 入則事父兄 喪事不敢不勉 不爲酒困 何有於我哉,子(n) 曰(v) 出(v) 則(n) 事(n) 公卿(n) 入(v) 則(n) 事(n) 父兄(n) 喪(v) 事(n) 不(v) 敢(v) 不(v) 勉(v) 不(n) 爲(v) 酒(n) 困(v) 何(r) 有(v) 於(v) 我(r) 哉(u)
LY0917,子在川上曰 逝者如斯夫 不舍晝夜,子(n) 在(p) 川上(nl) 曰(v) 逝(v) 者(r) 如(v) 斯(r) 夫(n) 不(v) 舍(v) 晝(v) 夜(nt)
LY0918,子曰 吾未見好德如好色者也,子(n) 曰(v) 吾(r) 未(d) 見(v) 好(a) 德(n) 如(v) 好色(n) 者(k) 也(d)
LY0919,子曰 譬如爲山 未成一? 止 吾止也 譬如平地 雖覆一? 進 吾往也,子(n) 曰(v) 譬如(v) 爲(v) 山(n) 未成(v) 一(m) ?(wp) 止(v) 吾(r) 止(v) 也(d) 譬如(v) 平地(n) 雖(n) 覆(v) 一(m) ?(wp) 進(v) 吾(r) 往(p) 也(nh)
LY0920,子曰 語之而不惰者 其回也與,子(n) 曰(v) 語(v) 之(r) 而(c) 不(a) 惰(a) 者(k) 其(r) 回(n) 也(d) 與(v)
LY0921,子謂顔淵曰 惜乎 吾見其進也 未見其止也,子(n) 謂(v) 顔(n) 淵(v) 曰(v) 惜(v) 乎(u) 吾(r) 見(v) 其(r) 進(n) 也(d) 未(d) 見(v) 其(r) 止(v) 也(u)
LY0922,子曰 苗而不秀者 有矣夫 秀而不實者 有矣夫,子(n) 曰(v) 苗(n) 而(c) 不(v) 秀(a) 者(k) 有(v) 矣(u) 夫(n) 秀(a) 而(c) 不(v) 實(n) 者(k) 有(v) 矣(u) 夫(n)
LY0923,子曰 後生可畏 焉知來者之不如今也 四十五十而無聞焉 斯亦不足畏也已,子(n) 曰(v) 後(n) 生(v) 可畏(v) 焉(u) 知(v) 來(n) 者(k) 之(u) 不(n) 如今(nt) 也(d) 四十(m) 五十(m) 而(c) 無(v) 聞(n) 焉(u) 斯(r) 亦(d) 不(v) 足(d) 畏(v) 也(d) 已(d)
LY0924,子曰 法語之言 能無從乎 改之爲貴 巽與之言 能無說乎 繹之爲貴 說而不繹 從而不改 吾末如之何也已矣,子(n) 曰(v) 法(n) 語(v) 之(u) 言(n) 能(v) 無(v) 從(n) 乎(u) 改(v) 之(u) 爲(n) 貴(n) 巽(v) 與(n) 之(u) 言(n) 能(v) 無(v) 說(v) 乎(u) 繹(v) 之(u) 爲(v) 貴(n) 說(v) 而(c) 不(v) 繹(v) 從(n) 而(c) 不(v) 改(v) 吾(r) 末(nd) 如(v) 之(u) 何(r) 也(d) 已(d) 矣(u)
LY0925,子曰 主忠信 毋友不如己者 過則勿憚改,子(n) 曰(v) 主(n) 忠信(n) 毋(v) 友(n) 不(n) 如(v) 己(r) 者(r) 過(v) 則(n) 勿(d) 憚(v) 改(v)
LY0926,子曰 三軍可奪帥也 匹夫不可奪志也,子(n) 曰(v) 三(m) 軍(n) 可(v) 奪(v) 帥(n) 也(d) 匹夫(v) 不(n) 可(v) 奪(v) 志(n) 也(nh)
LY0927,子曰 衣?縕袍 與衣狐?者立 而不恥者 其由也與 不?不求 何用不臧 子路終身誦之 子曰 是道也 何足以臧,子(n) 曰(v) 衣(n) ?(wp) 縕(v) 袍(n) 與(v) 衣狐(n) ?(wp) 者(k) 立(v) 而(c) 不(v) 恥(n) 者(k) 其(r) 由(p) 也(d) 與(v) 不(n) ?(wp) 不(n) 求(v) 何(r) 用(p) 不(n) 臧(v) 子路(n) 終(v) 身(n) 誦(v) 之(u) 子(n) 曰(v) 是(v) 道(n) 也(d) 何(r) 足(d) 以(p) 臧(n)
LY0928,子曰 歲寒然後知松柏之後彫也,子(n) 曰(v) 歲(v) 寒(a) 然後(c) 知(v) 松柏(n) 之(r) 後(n) 彫(n) 也(d)
LY0929,子曰 知者不惑 仁者不憂 勇者不懼,子(n) 曰(v) 知(v) 者(k) 不(d) 惑(v) 仁(n) 者(r) 不(v) 憂(a) 勇(a) 者(k) 不(v) 懼(n)
LY0930,子曰 可與共學 未可與適道 可與適道 未可與立 可與立 未可與權 唐?之華 偏其反而 豈不爾思 室是遠而 子曰 未之思也 夫何遠之有,子(n) 曰(v) 可(v) 與(n) 共(d) 學(v) 未可(v) 與(n) 適(v) 道(n) 可(v) 與(v) 適(v) 道(n) 未可(v) 與(n) 立(v) 可(v) 與(v) 立(v) 未可(v) 與(n) 權(v) 唐(nt) ?(wp) 之(u) 華(n) 偏(v) 其(r) 反(v) 而(c) 豈(v) 不(n) 爾(v) 思(v) 室(n) 是(v) 遠(n) 而(c) 子(n) 曰(v) 未(d) 之(u) 思(n) 也(d) 夫(v) 何(r) 遠(n) 之(u) 有(v)
LY1001,孔子於鄕黨 恂恂如也 似不能言者 其在宗廟朝廷 便便言 唯謹爾,孔子(nh) 於(v) 鄕(n) 黨(v) 恂恂(n) 如(v) 也(d) 似(d) 不(v) 能言(n) 者(k) 其(r) 在(p) 宗(nh) 廟(v) 朝廷(n) 便(d) 便(d) 言(v) 唯(d) 謹(v) 爾(nh)
LY1002,朝 與下大夫言 侃侃如也 與上大夫言 誾誾如也 君在 ??如也 與與如也,朝(p) 與(n) 下(nd) 大夫(n) 言(n) 侃侃(v) 如(v) 也(d) 與(v) 上(nd) 大夫(n) 言(v) 誾誾(n) 如(v) 也(u) 君(n) 在(p) ?(wp) ?(wp) 如(v) 也(d) 與(v) 與(n) 如(v) 也(nh)
LY1003,君召使? 色勃如也 足?如也 揖所與立 左右手 衣前後 ?如也 趨進 翼如也 賓退 必復命曰 賓不顧矣,君(n) 召(v) 使(v) ?(wp) 色(n) 勃(a) 如(v) 也(d) 足(a) ?(wp) 如(v) 也(d) 揖(v) 所(u) 與(v) 立(v) 左右(m) 手(n) 衣(n) 前後(n) ?(wp) 如(v) 也(d) 趨(v) 進(v) 翼(n) 如(v) 也(d) 賓(v) 退(v) 必(d) 復(v) 命(n) 曰(v) 賓(v) 不(n) 顧(v) 矣(u)
LY1004,入公門 鞠躬如也 如不容 立不中門 行不履? 過位 色勃如也 足?如也 其言似不足者 攝齊升堂 鞠躬如也 屛氣似不息者 出 降一等 逞顔色 怡怡如也 沒階 趨進 翼如也 復其位 ??如也,入(v) 公(n) 門(n) 鞠躬(v) 如(v) 也(d) 如(v) 不(n) 容(v) 立(v) 不(n) 中(nd) 門(v) 行(v) 不(v) 履(n) ?(wp) 過(m) 位(q) 色(n) 勃(a) 如(v) 也(d) 足(a) ?(wp) 如(v) 也(d) 其(r) 言(n) 似(d) 不(a) 足(a) 者(k) 攝(v) 齊(n) 升堂(v) 鞠躬(v) 如(v) 也(d) 屛(v) 氣(n) 似(v) 不(v) 息(n) 者(k) 出(v) 降一等(n) 逞(v) 顔色(n) 怡怡(v) 如(v) 也(d) 沒(v) 階(v) 趨(n) 進(v) 翼(n) 如(v) 也(d) 復(v) 其(r) 位(n) ?(wp) ?(wp) 如(v) 也(d)
LY1005,執圭 鞠躬如也 如不勝 上如揖 下如授 勃如戰色 足??如有循 享禮 有容色 私? 愉愉如也,執(nh) 圭(v) 鞠躬(v) 如(v) 也(d) 如(v) 不(n) 勝(n) 上(nd) 如(v) 揖(v) 下(nd) 如(v) 授(v) 勃(a) 如(v) 戰(n) 色(n) 足(a) ?(wp) ?(wp) 如(c) 有(v) 循(v) 享(v) 禮(n) 有(v) 容色(n) 私(a) ?(wp) 愉愉(a) 如(v) 也(nh)
LY1006,君子不以紺?飾 紅紫不以爲褻服 當署 袗?? 必表而出之 緇衣 羔? 素衣 ?? 黃衣狐? 褻?長 短右袂 必有寢衣 長一身有半 狐?之厚以居 去喪 無所不佩 非?裳 必殺之 羔?玄冠不以弔 吉月 必朝服而朝 齊必有明衣 布,君子(n) 不(v) 以(p) 紺(n) ?(wp) 飾(v) 紅(n) 紫(a) 不(n) 以(p) 爲(v) 褻(n) 服(v) 當(v) 署(n) 袗(n) ?(wp) ?(wp) 必(d) 表(v) 而(c) 出(v) 之(u) 緇(n) 衣(n) 羔(n) ?(wp) 素衣(n) ?(wp) ?(wp) 黃(v) 衣狐(n) ?(wp) 褻(n) ?(wp) 長(v) 短右袂(n) 必(d) 有(v) 寢(v) 衣(n) 長(v) 一身(n) 有(v) 半(m) 狐(n) ?(wp) 之(u) 厚(a) 以(p) 居(v) 去(v) 喪(n) 無(n) 所(u) 不(v) 佩(v) 非(v) ?(wp) 裳(n) 必(d) 殺(v) 之(u) 羔(n) ?(wp) 玄冠(n) 不(n) 以(p) 弔(j) 吉(j) 月(n) 必(d) 朝服(v) 而(c) 朝(v) 齊(n) 必(d) 有(v) 明(a) 衣(n) 布(n)
LY1007,齊必變食 居必遷坐,齊(n) 必(d) 變(v) 食(v) 居(v) 必(d) 遷(v) 坐(v)
LY1008,食不厭精 膾不厭細 食?而? 魚?而肉敗 不食 色惡 不食 臭惡 不食 失? 不食 不時 不食 割不正 不食 不得其醬 不食 肉雖多 不使勝食氣 唯酒無量 不及亂 沽酒市脯不食 不撤薑食 不多食 祭於公 不宿肉 祭肉 不出三日 出三日 不食之矣 食不語 寢不言 雖疏食菜羹 瓜祭 必齊如也,食(v) 不(n) 厭(v) 精(a) 膾(n) 不(v) 厭(v) 細(n) 食(v) ?(wp) 而(c) ?(wp) 魚(n) ?(wp) 而(c) 肉(n) 敗(v) 不(n) 食(v) 色(n) 惡(v) 不(n) 食(v) 臭(a) 惡(v) 不(n) 食(v) 失(v) ?(wp) 不(n) 食(v) 不(n) 時(v) 不(n) 食(v) 割(v) 不(n) 正(d) 不(v) 食(v) 不(v) 得(v) 其(r) 醬(v) 不(n) 食(v) 肉(n) 雖(v) 多(a) 不(n) 使(v) 勝(n) 食(v) 氣(n) 唯(d) 酒(n) 無(v) 量(n) 不(n) 及(c) 亂(n) 沽酒市(n) 脯(v) 不(n) 食(v) 不(n) 撤(v) 薑(n) 食(v) 不(n) 多(a) 食(v) 祭(v) 於(v) 公(b) 不(n) 宿(n) 肉(n) 祭(v) 肉(n) 不(v) 出(v) 三日(nt) 出(v) 三日(nt) 不(v) 食(v) 之(r) 矣(u) 食(v) 不(n) 語(v) 寢(v) 不(n) 言(v) 雖(n) 疏食(v) 菜羹(n) 瓜(n) 祭(v) 必(d) 齊(v) 如(v) 也(nh)
LY1009,席不正 不坐,席(n) 不(n) 正(d) 不(v) 坐(v)
LY1010,鄕人飮酒 杖者出 斯出矣 鄕人儺 朝服而立於?階,鄕(v) 人(n) 飮酒(v) 杖(n) 者(k) 出(v) 斯(r) 出(v) 矣(u) 鄕(v) 人(n) 儺(v) 朝服(n) 而(c) 立(v) 於(n) ?(wp) 階(nh)
LY1011,問人於他邦 再拜而送之 康子饋藥 拜而受之 曰 丘未達 不敢嘗,問(v) 人(n) 於(v) 他(r) 邦(n) 再拜(v) 而(c) 送(v) 之(u) 康子(n) 饋(n) 藥(n) 拜(v) 而(c) 受(v) 之(r) 曰(v) 丘(n) 未(d) 達(v) 不(v) 敢(v) 嘗(v)
LY1012,?焚 子退朝曰 傷人乎 不問馬,?(wp) 焚(v) 子(n) 退朝(v) 曰(v) 傷(v) 人(n) 乎(u) 不(v) 問(n) 馬(nh)
LY1013,君賜食 必正席先嘗之 君賜腥 必熟而薦之 君賜生 必畜之 侍食於君 君祭 先飯 疾 君視之 東首 加朝服 拖紳 君命召 不俟駕行矣,君(n) 賜(v) 食(v) 必(d) 正(v) 席(n) 先(d) 嘗(v) 之(u) 君(n) 賜(v) 腥(n) 必(d) 熟(a) 而(c) 薦(v) 之(u) 君(n) 賜(v) 生(v) 必(d) 畜(n) 之(u) 侍(n) 食(v) 於(p) 君(n) 君(n) 祭(v) 先(d) 飯(v) 疾(n) 君(n) 視(v) 之(u) 東(n) 首(m) 加(v) 朝服(v) 拖(v) 紳(n) 君命(n) 召(v) 不(n) 俟(v) 駕(n) 行(v) 矣(u)
LY1014,入太廟 每事問,入太(v) 廟(v) 每(r) 事(n) 問(v)
LY1015,朋友死 無所歸 曰 於我殯 朋友之饋 雖車馬 非祭肉 不拜,朋友(n) 死(v) 無(n) 所(u) 歸(v) 曰(v) 於(v) 我(r) 殯(v) 朋友(n) 之(u) 饋(n) 雖(v) 車(n) 馬(n) 非(d) 祭(v) 肉(n) 不(n) 拜(v)
LY1016,寢不尸 居不容 見齊衰者 雖狎 必變 見冕者與?者 雖褻 必以貌 凶服者式之 式負版者 有盛饌 必變色而作 迅雷風烈必變,寢(nh) 不(v) 尸(n) 居(v) 不(n) 容(v) 見(n) 齊(a) 衰(a) 者(k) 雖(v) 狎(n) 必(d) 變(v) 見(v) 冕(n) 者(k) 與(a) ?(wp) 者(k) 雖(v) 褻(n) 必(d) 以(p) 貌(n) 凶服(n) 者(k) 式(n) 之(u) 式(n) 負(v) 版(n) 者(k) 有(v) 盛(v) 饌(n) 必(d) 變(v) 色(n) 而(c) 作(v) 迅雷(a) 風(v) 烈(a) 必(d) 變(v)
LY1017,升車 必正立 執綏 車中 不內顧 不疾言 不親指,升(v) 車(n) 必(d) 正(d) 立(v) 執(n) 綏(v) 車(n) 中(nd) 不(v) 內(v) 顧(n) 不(v) 疾(n) 言(v) 不(n) 親(v) 指(v)
LY1018,色斯擧矣 翔而後集 曰 山梁雌雉 時哉時哉 子路共之 三嗅而作,色(n) 斯(j) 擧(v) 矣(u) 翔(v) 而(c) 後(v) 集(v) 曰(v) 山(n) 梁(n) 雌雉(v) 時(n) 哉(u) 時(n) 哉(u) 子路(n) 共(d) 之(u) 三(m) 嗅(n) 而(c) 作(v)
LY1101,子曰 先進於禮樂 野人也 後進於禮樂 君子也 如用之 則吾從先進,子(n) 曰(v) 先(d) 進(v) 於(v) 禮(n) 樂(v) 野人(n) 也(d) 後(v) 進(v) 於(v) 禮(n) 樂(v) 君子(n) 也(d) 如(v) 用(v) 之(u) 則吾(n) 從(n) 先(d) 進(v)
LY1102,子曰 從我於陳蔡者 皆不及門也,子(n) 曰(v) 從(v) 我(r) 於(v) 陳(v) 蔡(nh) 者(r) 皆(d) 不(v) 及(c) 門(n) 也(d)
LY1103,德行 顔淵閔子騫?伯牛仲弓 言語 宰我子貢 政事 ?有季路 文學 子游子夏,德行(n) 顔(v) 淵(n) 閔(v) 子(n) 騫(v) ?(wp) 伯(ns) 牛(n) 仲弓(v) 言(n) 語(v) 宰我(r) 子貢(v) 政事(n) ?(wp) 有(v) 季路(n) 文(n) 學(v) 子(n) 游子(n) 夏(nt)
LY1104,子曰 回也非助我者也 於吾言無所不說,子(n) 曰(v) 回(v) 也(d) 非(d) 助我(v) 者(k) 也(d) 於(v) 吾言(n) 無(n) 所(u) 不(v) 說(n)
LY1105,子曰 孝哉閔子騫 人不間於其父母昆弟之言,子(n) 曰(v) 孝(n) 哉(u) 閔(v) 子(n) 騫(v) 人(n) 不(v) 間(v) 於(v) 其(r) 父母(n) 昆弟(n) 之(u) 言(n)
LY1106,南容三復白圭 孔子以其兄之子妻之,南(nd) 容(v) 三(m) 復(q) 白圭(n) 孔子(nh) 以(p) 其(r) 兄(n) 之(u) 子(n) 妻(n) 之(u)
LY1107,季康子問 弟子孰爲好學 孔子對曰 有顔回者好學 不幸短命死矣 今也則亡,季康子(n) 問(v) 弟子(n) 孰(r) 爲(v) 好(a) 學(n) 孔子(nh) 對(v) 曰(v) 有(v) 顔(v) 回(v) 者(r) 好(a) 學(v) 不(n) 幸(v) 短命(a) 死(v) 矣(u) 今(nt) 也(d) 則(v) 亡(v)
LY1108,顔淵死 顔路請子之車以爲之槨 子曰 才不才 亦各言其子也 鯉也死 有棺而無槨 吾不徒行以爲之槨 以吾從大夫之後 不可徒行也,顔(nh) 淵(v) 死(v) 顔(v) 路(n) 請(v) 子(n) 之(u) 車(n) 以(p) 爲(v) 之(u) 槨(n) 子(n) 曰(v) 才(n) 不(n) 才(d) 亦(d) 各(r) 言(v) 其(r) 子(n) 也(d) 鯉(v) 也(d) 死(v) 有(v) 棺(n) 而(c) 無(v) 槨(v) 吾(r) 不(v) 徒行(n) 以(p) 爲(v) 之(u) 槨(n) 以(p) 吾(r) 從(v) 大夫(n) 之(u) 後(n) 不(n) 可(v) 徒行(v) 也(d)
LY1109,顔淵死 子曰 噫 天喪予 天喪予,顔(nh) 淵(v) 死(v) 子(n) 曰(v) 噫(v) 天(n) 喪(d) 予(v) 天(n) 喪(d) 予(v)
LY1110,顔淵死 子哭之慟 從者曰 子慟矣 曰 有慟乎 非夫人之爲慟而誰爲,顔(nh) 淵(v) 死(v) 子(n) 哭(v) 之(u) 慟(n) 從(n) 者(k) 曰(v) 子(n) 慟(v) 矣(u) 曰(v) 有(v) 慟(n) 乎(u) 非(v) 夫人(n) 之(u) 爲(v) 慟(n) 而(c) 誰(v) 爲(v)
LY1111,顔淵死 門人欲厚葬之 子曰 不可 門人厚葬之 子曰 回也視予猶父也 予不得視猶子也 非我也 夫二三子也,顔(nh) 淵(v) 死(v) 門(v) 人(n) 欲(d) 厚葬(v) 之(u) 子(n) 曰(v) 不(n) 可(v) 門(v) 人(n) 厚葬(n) 之(u) 子(n) 曰(v) 回(v) 也(d) 視(d) 予(v) 猶(v) 父(n) 也(d) 予(v) 不(v) 得(u) 視(v) 猶子(n) 也(d) 非我(v) 也(d) 夫(n) 二三(m) 子(n) 也(d)
LY1112,季路問事鬼神 子曰 未能事人 焉能事鬼 曰 敢問死 曰 未知生 焉知死,季路(n) 問(v) 事(n) 鬼神(n) 子(n) 曰(v) 未能(v) 事(n) 人(n) 焉(d) 能(v) 事(n) 鬼(n) 曰(v) 敢(v) 問(v) 死(v) 曰(v) 未知(v) 生(v) 焉(u) 知(v) 死(v)
LY1113,閔子侍側 誾誾如也 子路 行行如也 ?有子貢 侃侃如也 子樂 若由也 不得其死然,閔(v) 子(n) 侍(v) 側(n) 誾誾(n) 如(v) 也(d) 子(n) 路(n) 行(v) 行(n) 如(v) 也(d) ?(wp) 有(v) 子貢(n) 侃侃(v) 如(v) 也(d) 子(n) 樂(v) 若(c) 由(p) 也(d) 不(v) 得(v) 其(r) 死(v) 然(r)
LY1114,魯人爲長府 閔子騫曰 仍舊貫 如之何 何必改作 子曰 夫人不言 言必有中,魯(v) 人(n) 爲(v) 長(n) 府(n) 閔(v) 子(n) 騫(v) 曰(v) 仍(d) 舊(v) 貫(v) 如(v) 之(u) 何(r) 何(r) 必(d) 改作(v) 子(n) 曰(v) 夫人(n) 不(n) 言(v) 言(n) 必(d) 有(v) 中(nd)
LY1115,子曰 由之瑟 奚爲於丘之門 門人不敬子路 子曰 由也升堂矣 未入於室也,子(n) 曰(v) 由(p) 之(r) 瑟(n) 奚(nh) 爲(v) 於(v) 丘(n) 之(u) 門(n) 門(v) 人(n) 不(v) 敬(v) 子(n) 路(n) 子(n) 曰(v) 由(p) 也(d) 升堂(v) 矣(u) 未(d) 入(v) 於(n) 室(n) 也(d)
LY1116,子貢問 師與商也孰賢 子曰 師也過 商也不及 曰 然則師愈與 子曰 過猶不及,子貢(nh) 問(v) 師(n) 與(v) 商(n) 也(d) 孰(r) 賢(v) 子(n) 曰(v) 師(n) 也(d) 過(v) 商(n) 也(d) 不(v) 及(c) 曰(v) 然(r) 則(n) 師(n) 愈(d) 與(v) 子(n) 曰(v) 過(n) 猶(n) 不(n) 及(c)
LY1117,季氏富於周公 而求也爲之聚斂而附益之 子曰 非吾徒也 小子鳴鼓而攻之 可也,季氏(nh) 富(v) 於(v) 周公(nh) 而(c) 求(v) 也(d) 爲(v) 之(u) 聚(v) 斂(n) 而(c) 附益(v) 之(u) 子(n) 曰(v) 非吾(b) 徒(n) 也(u) 小子(n) 鳴(v) 鼓(n) 而(c) 攻(v) 之(u) 可(v) 也(d)
LY1118,柴也愚 參也魯 師也? 由也?,柴(n) 也(d) 愚(a) 參(n) 也(d) 魯(v) 師(n) 也(d) ?(wp) 由(p) 也(d) ?(wp)
LY1119,子曰 回也其庶乎 屢空 賜不受命 而貨殖焉 億則屢中,子(n) 曰(v) 回(v) 也(d) 其(r) 庶(v) 乎(u) 屢(v) 空(a) 賜(n) 不(v) 受命(v) 而(c) 貨(v) 殖(v) 焉(u) 億(v) 則(v) 屢(n) 中(nd)
LY1120,子張問善人之道 子曰 不踐迹 亦不入於室,子張(nh) 問(v) 善人(n) 之(u) 道(n) 子(n) 曰(v) 不(n) 踐(n) 迹(n) 亦(d) 不(v) 入(v) 於(n) 室(n)
LY1121,子曰 論篤是與 君子者乎 色莊者乎,子(n) 曰(v) 論(n) 篤(n) 是(v) 與(v) 君子(n) 者(k) 乎(u) 色(n) 莊(v) 者(k) 乎(u)
LY1122,子路問 聞斯行諸 子曰 有父兄在 如之何其聞斯行之 ?有問 聞斯行諸 子曰 聞斯行之 公西華曰 由也問聞斯行諸 子曰 有父兄在 求也問聞斯行諸 子曰 聞斯行之 赤也惑 敢問 子曰 求也退 故進之 由也兼人 故退之,子路(nh) 問(v) 聞(v) 斯(r) 行(v) 諸(n) 子(n) 曰(v) 有(v) 父兄(n) 在(p) 如(v) 之(u) 何(r) 其(r) 聞(v) 斯(r) 行(v) 之(u) ?(wp) 有(v) 問(n) 聞(v) 斯(r) 行(v) 諸(n) 子(n) 曰(v) 聞(v) 斯(r) 行(v) 之(u) 公(n) 西(nd) 華(n) 曰(v) 由(p) 也(d) 問(v) 聞(v) 斯(r) 行(v) 諸(n) 子(n) 曰(v) 有(v) 父兄(n) 在(d) 求(v) 也(d) 問(v) 聞(v) 斯(r) 行(v) 諸(n) 子(n) 曰(v) 聞(v) 斯(r) 行(v) 之(u) 赤(n) 也(d) 惑(v) 敢(v) 問(v) 子(n) 曰(v) 求(v) 也(d) 退(v) 故(c) 進(n) 之(u) 由(p) 也(d) 兼(v) 人(n) 故(c) 退(v) 之(u)
LY1123,子畏於匡 顔淵後 子曰 吾以女爲死矣 曰 子在 回何敢死,子(n) 畏(v) 於(n) 匡(v) 顔(v) 淵(n) 後(v) 子(n) 曰(v) 吾(r) 以(p) 女(b) 爲(v) 死(v) 矣(u) 曰(v) 子(n) 在(p) 回(v) 何(r) 敢(v) 死(v)
LY1124,季子然問 仲由?求可謂大臣與 子曰 吾以子爲異之問 曾由與求之問 所謂大臣者 以道事君 不可則止 今由與求也 可謂具臣矣 曰 然則從之者與 子曰 弑父與君 亦不從也,季子(n) 然(c) 問(v) 仲由(n) ?(wp) 求(v) 可(v) 謂(v) 大臣(n) 與(nh) 子(n) 曰(v) 吾(r) 以(p) 子(n) 爲(v) 異(n) 之(u) 問(n) 曾(d) 由(p) 與(n) 求(v) 之(u) 問(n) 所(u) 謂(v) 大臣(n) 者(k) 以(p) 道(n) 事君(n) 不(n) 可(v) 則(v) 止(v) 今(nt) 由(p) 與(d) 求(v) 也(d) 可(v) 謂(v) 具臣(n) 矣(u) 曰(v) 然(r) 則(n) 從(a) 之(u) 者(n) 與(n) 子(n) 曰(v) 弑父(n) 與(n) 君(n) 亦(d) 不(v) 從(n) 也(d)
LY1125,子路使子羔爲費宰 子曰 賊夫人之子 子路曰 有民人焉 有社?焉 何必讀書 然後爲學 子曰 是故惡夫?者,子路(n) 使(v) 子羔(n) 爲(v) 費(n) 宰(v) 子(n) 曰(v) 賊(n) 夫人(n) 之(u) 子(n) 子路(n) 曰(v) 有(v) 民(n) 人(n) 焉(d) 有(v) 社(n) ?(wp) 焉(r) 何(r) 必(d) 讀(v) 書(v) 然後(c) 爲(v) 學(n) 子(n) 曰(v) 是(v) 故(n) 惡(v) 夫(n) ?(wp) 者(k)
LY1126,子路曾晳?有公西華侍坐 子曰 以吾一日長乎爾 毋吾以也 居則曰 不吾知也 如或知爾 則何以哉 子路率爾而對曰 千乘之國 攝乎大國之間 加之以師旅 因之以饑饉 由也爲之 比及三年 可使有勇 且知方也 夫子?之 求 爾何如 對曰 方六七十 如五六十 求也爲之 比及三年 可使足民 如其禮樂 以俟君子 赤 爾何如 對曰 非曰能之 願學焉 宗廟之事 如會同 端章甫 願爲小相焉 點 爾何如 鼓瑟希 ?爾 舍瑟而作 對曰 異乎三子者之撰 子曰 何傷乎 亦各言其志也 曰 莫春者 春服旣成 冠者五六人 童子六七人 浴乎沂 風乎舞雩 詠而歸 夫子?然歎曰 吾與點也 三子者出 曾晳後 曾晳曰 夫三子者之言何如 子曰 亦各言其志也已矣 曰 夫子何?由也 曰 爲國以禮 其言不讓 是故?之 唯求則非邦也與 安見方六七十如五六十而非邦也者 唯赤則非邦也與 宗廟會同 非諸侯而何 赤也爲之小 孰能爲之大,子路(n) 曾晳(n) ?(wp) 有(v) 公(n) 西(nd) 華(n) 侍坐(v) 子(n) 曰(v) 以(p) 吾(r) 一日(nt) 長(v) 乎(u) 爾(n) 毋(v) 吾(r) 以(p) 也(d) 居(v) 則(n) 曰(v) 不(v) 吾(r) 知(v) 也(d) 如(v) 或(c) 知(v) 爾(n) 則(v) 何(r) 以(p) 哉(u) 子路(n) 率(v) 爾(n) 而(c) 對(v) 曰(v) 千乘(i) 之(u) 國(n) 攝(v) 乎(u) 大國(v) 之(u) 間(n) 加(v) 之(r) 以(p) 師(n) 旅(v) 因(c) 之(r) 以(p) 饑(n) 饉(v) 由(p) 也(d) 爲(v) 之(u) 比(n) 及(c) 三年(nt) 可使(v) 有(v) 勇(a) 且(c) 知(v) 方(n) 也(d) 夫子(n) ?(wp) 之(u) 求(v) 爾(v) 何(r) 如(v) 對(n) 曰(v) 方(d) 六(m) 七十(m) 如(m) 五(m) 六十(m) 求(v) 也(d) 爲(v) 之(u) 比(n) 及(c) 三年(nt) 可使(v) 足(a) 民(n) 如(v) 其(r) 禮(n) 樂(v) 以(p) 俟(v) 君子(n) 赤(a) 爾(v) 何(r) 如(v) 對(n) 曰(v) 非(d) 曰(v) 能(v) 之(u) 願(n) 學(n) 焉(u) 宗(nh) 廟(v) 之(u) 事(n) 如(v) 會(n) 同(p) 端(v) 章甫(nh) 願(v) 爲(v) 小(a) 相(n) 焉(u) 點(v) 爾(v) 何(r) 如(v) 鼓瑟(v) 希(nh) ?(wp) 爾(v) 舍(v) 瑟(n) 而(c) 作(v) 對(n) 曰(v) 異(v) 乎(u) 三(m) 子(n) 者(k) 之(u) 撰(v) 子(n) 曰(v) 何(r) 傷(n) 乎(u) 亦(d) 各(r) 言(v) 其(r) 志(n) 也(d) 曰(v) 莫(j) 春(nt) 者(k) 春(nt) 服(v) 旣成(v) 冠(n) 者(k) 五六(m) 人(n) 童子(n) 六七(m) 人(n) 浴(v) 乎(u) 沂(v) 風(v) 乎(u) 舞雩(v) 詠(n) 而(c) 歸(v) 夫子(n) ?(wp) 然(r) 歎(n) 曰(v) 吾(r) 與(n) 點(n) 也(d) 三(m) 子(n) 者(k) 出(v) 曾晳(n) 後(n) 曾晳(v) 曰(v) 夫(n) 三(m) 子(n) 者(k) 之(u) 言(n) 何(r) 如(v) 子(n) 曰(v) 亦(d) 各(r) 言(v) 其(r) 志(n) 也(d) 已(d) 矣(u) 曰(v) 夫子(n) 何(r) ?(wp) 由(p) 也(d) 曰(v) 爲(v) 國(n) 以(p) 禮(v) 其(r) 言(n) 不(v) 讓(n) 是(v) 故(n) ?(wp) 之(u) 唯(d) 求(v) 則(v) 非(h) 邦(n) 也(d) 與(v) 安(v) 見(n) 方(d) 六(m) 七十(m) 如(m) 五(m) 六十(m) 而(c) 非(v) 邦(n) 也(d) 者(k) 唯(d) 赤(a) 則(v) 非(h) 邦(n) 也(d) 與(v) 宗(n) 廟(v) 會(n) 同(d) 非(v) 諸侯(n) 而(c) 何(r) 赤(a) 也(d) 爲(v) 之(u) 小(a) 孰(r) 能(v) 爲(v) 之(u) 大(a)
LY1201,顔淵問仁 子曰 克己復禮爲仁 一日克己復禮 天下歸仁焉 爲仁由己 而由人乎哉 顔淵曰 請問其目 子曰 非禮勿視 非禮勿聽 非禮勿言 非禮勿動 顔淵曰 回雖不敏 請事斯語矣,顔(nh) 淵(v) 問(n) 仁(n) 子(n) 曰(v) 克己(v) 復(n) 禮(v) 爲(v) 仁(n) 一日(nt) 克己(v) 復(v) 禮(v) 天下(n) 歸(v) 仁(n) 焉(u) 爲(v) 仁(n) 由己(i) 而(c) 由人(n) 乎(u) 哉(u) 顔(n) 淵(n) 曰(v) 請(n) 問(v) 其(r) 目(n) 子(n) 曰(v) 非(h) 禮(n) 勿(d) 視(v) 非(h) 禮(n) 勿(d) 聽(v) 非(h) 禮(n) 勿(d) 言(v) 非(d) 禮(v) 勿(d) 動(v) 顔(n) 淵(v) 曰(v) 回(v) 雖(n) 不(v) 敏(a) 請(v) 事(n) 斯(j) 語(v) 矣(u)
LY1202,仲弓問仁 子曰 出門如見大賓 使民如承大祭 己所不欲 勿施於人 在邦無怨 在家無怨 仲弓曰 雍雖不敏 請事斯語矣,仲弓(nh) 問(v) 仁(n) 子(n) 曰(v) 出(v) 門(n) 如(v) 見(n) 大(a) 賓(n) 使(v) 民(n) 如(v) 承大(j) 祭(v) 己(r) 所(u) 不(v) 欲(d) 勿(d) 施(v) 於(v) 人(n) 在(p) 邦(n) 無(v) 怨(v) 在(p) 家(n) 無(v) 怨(v) 仲弓(v) 曰(v) 雍(n) 雖(n) 不(v) 敏(a) 請(v) 事(n) 斯(j) 語(v) 矣(u)
LY1203,司馬牛問仁 子曰 仁者 其言也? 曰 其言也? 斯謂之仁已乎 子曰 爲之難 言之得無?乎,司馬(v) 牛(n) 問(n) 仁(n) 子(n) 曰(v) 仁(n) 者(k) 其(r) 言(n) 也(d) ?(wp) 曰(v) 其(r) 言(n) 也(d) ?(wp) 斯(r) 謂(n) 之(u) 仁(n) 已(d) 乎(p) 子(n) 曰(v) 爲(v) 之(u) 難(n) 言(v) 之(u) 得(v) 無(n) ?(wp) 乎(u)
LY1204,司馬牛問君子 子曰 君子不憂不懼 曰 不憂不懼 斯謂之君子已乎 子曰 內省不? 夫何憂何懼,司馬(v) 牛(n) 問(n) 君子(n) 子(n) 曰(v) 君子(n) 不(v) 憂(v) 不(n) 懼(v) 曰(v) 不(v) 憂(n) 不(v) 懼(v) 斯(r) 謂(n) 之(u) 君子(n) 已(d) 乎(p) 子(n) 曰(v) 內(v) 省(n) 不(n) ?(wp) 夫(n) 何(r) 憂(v) 何(r) 懼(n)
LY1205,司馬牛憂曰 人皆有兄弟 我獨亡 子夏曰 商聞之矣 死生有命 富貴在天 君子敬而無失 與人恭而有禮 四海之內 皆兄弟也 君子何患乎無兄弟也,司馬(v) 牛(n) 憂(v) 曰(v) 人(n) 皆(d) 有(v) 兄弟(n) 我(r) 獨(v) 亡(v) 子(n) 夏(nt) 曰(v) 商(n) 聞(n) 之(u) 矣(u) 死生(n) 有(v) 命(n) 富(a) 貴(v) 在(p) 天(n) 君子(n) 敬(v) 而(c) 無(d) 失(v) 與(n) 人(n) 恭(a) 而(c) 有(v) 禮(v) 四海(n) 之(u) 內(n) 皆(d) 兄弟(n) 也(d) 君子(n) 何(r) 患(v) 乎(u) 無(n) 兄弟(n) 也(d)
LY1206,子張問明 子曰 浸潤之? 膚受之? 不行焉 可謂明也已矣 浸潤之? 膚受之? 不行焉 可謂遠也已矣,子張(v) 問(n) 明(a) 子(n) 曰(v) 浸(v) 潤(n) 之(u) ?(wp) 膚(n) 受(v) 之(u) ?(wp) 不(n) 行(n) 焉(u) 可(v) 謂(v) 明(a) 也(d) 已(d) 矣(u) 浸(v) 潤(n) 之(u) ?(wp) 膚(n) 受(v) 之(u) ?(wp) 不(n) 行(n) 焉(u) 可(v) 謂(v) 遠(n) 也(d) 已(d) 矣(u)
LY1207,子貢問政 子曰 足食 足兵 民信之矣 子貢曰 必不得已而去 於斯三者何先 曰 去兵 子貢曰 必不得已而去 於斯二者何先 曰 去食 自古皆有死 民無信不立,子貢(nh) 問(v) 政(n) 子(n) 曰(v) 足食(n) 足(a) 兵(n) 民(n) 信(v) 之(u) 矣(u) 子貢(v) 曰(v) 必(d) 不(v) 得(u) 已(d) 而(c) 去(v) 於(v) 斯(r) 三(m) 者(r) 何(r) 先(d) 曰(v) 去(v) 兵(n) 子貢(v) 曰(v) 必(d) 不(v) 得(u) 已(d) 而(c) 去(v) 於(v) 斯(r) 二(m) 者(k) 何(r) 先(d) 曰(v) 去(v) 食(v) 自古(d) 皆(d) 有(v) 死(v) 民(n) 無(v) 信(n) 不(v) 立(v)
LY1208,棘子成曰 君子質而已矣 何以文爲 子貢曰 惜乎 夫子之說君子也 駟不及舌 文猶質也 質猶文也 虎豹之?猶犬羊之?,棘子成(v) 曰(v) 君子(n) 質(n) 而(c) 已(d) 矣(v) 何(r) 以(p) 文(n) 爲(v) 子貢(n) 曰(v) 惜(v) 乎(u) 夫子(n) 之(u) 說(n) 君子(n) 也(d) 駟(v) 不(n) 及(c) 舌(v) 文(n) 猶(v) 質(n) 也(d) 質(v) 猶(v) 文(n) 也(d) 虎豹(a) 之(u) ?(wp) 猶(v) 犬羊(n) 之(u) ?(wp)
LY1209,哀公問於有若曰 年饑 用不足 如之何 有若對曰 ?徹乎 曰 二 吾猶不足 如之何其徹也 對曰 百姓足 君孰與不足 百姓不足 君孰與足,哀公(nh) 問(v) 於(n) 有(v) 若(v) 曰(v) 年(q) 饑(n) 用(p) 不(n) 足(a) 如(v) 之(r) 何(r) 有(v) 若(v) 對(n) 曰(v) ?(wp) 徹(n) 乎(u) 曰(v) 二(m) 吾(r) 猶(n) 不(n) 足(a) 如(v) 之(r) 何(r) 其(r) 徹(n) 也(d) 對(v) 曰(v) 百姓(n) 足(a) 君(n) 孰(r) 與(n) 不(v) 足(a) 百姓(n) 不(v) 足(a) 君(n) 孰(r) 與(v) 足(a)
LY1210,子張問崇德辨惑 子曰 主忠信 徙義 崇德也 愛之欲其生 惡之欲其死 旣欲其生 又欲其死 是惑也 誠不以富 亦祗以異,子張(nh) 問(v) 崇德(ns) 辨惑(v) 子(n) 曰(v) 主(n) 忠信(n) 徙(n) 義(v) 崇德(ns) 也(d) 愛(v) 之(u) 欲(v) 其(r) 生(v) 惡(n) 之(u) 欲(v) 其(r) 死(v) 旣(n) 欲(v) 其(r) 生(v) 又(d) 欲(v) 其(r) 死(v) 是(v) 惑(v) 也(d) 誠(v) 不(n) 以(p) 富(a) 亦(d) 祗(v) 以(p) 異(n)
LY1211,齊景公問政於孔子 孔子對曰 君君 臣臣 父父 子子 公曰 善哉 信如君不君 臣不臣 父不父 子不子 雖有粟 吾得而食諸,齊(v) 景公(n) 問(v) 政(n) 於(p) 孔子(nh) 孔子(nh) 對(v) 曰(v) 君(n) 君(n) 臣(n) 臣(n) 父(n) 父(n) 子(n) 子(n) 公(n) 曰(v) 善(a) 哉(u) 信(n) 如(v) 君(n) 不(v) 君(n) 臣(n) 不(n) 臣(n) 父(n) 不(v) 父(n) 子(n) 不(v) 子(n) 雖(v) 有(v) 粟(n) 吾(r) 得(v) 而(c) 食(v) 諸(n)
LY1212,子曰 片言可以折獄者 其由也與 子路無宿諾,子(n) 曰(v) 片言(n) 可(v) 以(p) 折(v) 獄(n) 者(k) 其(r) 由(p) 也(d) 與(v) 子路(n) 無(v) 宿(n) 諾(nh)
LY1213,子曰 聽訟 吾猶人也 必也使無訟乎,子(n) 曰(v) 聽(n) 訟(v) 吾(r) 猶(v) 人(n) 也(d) 必(d) 也(d) 使(v) 無(v) 訟(v) 乎(u)
LY1214,子張問政 子曰 居之無倦 行之以忠,子張(nh) 問(v) 政(n) 子(n) 曰(v) 居(v) 之(u) 無(n) 倦(a) 行(v) 之(u) 以(p) 忠(a)
LY1215,子曰 博學於文 約之以禮 亦可以弗畔矣夫,子(n) 曰(v) 博(v) 學(v) 於(v) 文(n) 約(v) 之(r) 以(p) 禮(n) 亦(d) 可(v) 以(p) 弗(ns) 畔(n) 矣(u) 夫(n)
LY1216,子曰 君子成人之美 不成人之惡 小人反是,子(n) 曰(v) 君子(n) 成(v) 人(n) 之(u) 美(n) 不(v) 成(v) 人(n) 之(u) 惡(n) 小人(n) 反是(v)
LY1217,季康子問政於孔子 孔子對曰 政者 正也 子帥以正 孰敢不正,季康子(n) 問(v) 政(n) 於(p) 孔子(nh) 孔子(nh) 對(nh) 曰(v) 政(n) 者(k) 正(d) 也(d) 子(n) 帥(v) 以(p) 正(d) 孰(r) 敢(v) 不(n) 正(d)
LY1218,季康子患盜 問於孔子 孔子對曰 苟子之不欲 雖賞之不竊,季康子(n) 患(v) 盜(n) 問(v) 於(v) 孔子(nh) 孔子(nh) 對(nh) 曰(v) 苟(nh) 子(n) 之(u) 不(n) 欲(d) 雖(v) 賞(n) 之(u) 不(n) 竊(nh)
LY1219,季康子問政於孔子曰 如殺無道 以就有道 何如 孔子對曰 子爲政 焉用殺 子欲善而民善矣 君子之德風 小人之德草 草上之風 必偃,季康子(n) 問(v) 政(n) 於(p) 孔子(nh) 曰(v) 如殺(n) 無(v) 道(n) 以(p) 就(d) 有(v) 道(n) 何(r) 如(v) 孔子(nh) 對(v) 曰(v) 子(n) 爲(v) 政(n) 焉(u) 用(p) 殺(nz) 子(n) 欲(d) 善(v) 而(c) 民(n) 善(a) 矣(u) 君子(n) 之(u) 德(n) 風(v) 小人(n) 之(u) 德(n) 草(n) 草(n) 上(nd) 之(u) 風(n) 必(d) 偃(v)
LY1220,子張問 士何如斯可謂之達矣 子曰 何哉 爾所謂達者 子張對曰 在邦必聞 在家必聞 子曰 是聞也 非達也 夫達也者 質直而好義 察言而觀色 慮以下人 在邦必達 在家必達 夫聞也者 色取仁而行違 居之不疑 在邦必聞 在家必聞,子張(nh) 問(v) 士(n) 何(r) 如(v) 斯可(v) 謂(n) 之(u) 達(n) 矣(u) 子(n) 曰(v) 何(r) 哉(u) 爾(n) 所(u) 謂(v) 達(n) 者(k) 子張(n) 對(n) 曰(v) 在(p) 邦(n) 必(d) 聞(v) 在(p) 家(n) 必(d) 聞(v) 子(n) 曰(v) 是(v) 聞(n) 也(d) 非(d) 達(v) 也(u) 夫(n) 達(v) 也(d) 者(k) 質(n) 直(a) 而(c) 好(a) 義(n) 察(v) 言(n) 而(c) 觀(v) 色(n) 慮(v) 以(p) 下(v) 人(n) 在(p) 邦(n) 必(d) 達(v) 在(p) 家(n) 必(d) 達(v) 夫(n) 聞(v) 也(d) 者(k) 色取仁(n) 而(c) 行(v) 違(n) 居(v) 之(u) 不(n) 疑(v) 在(p) 邦(n) 必(d) 聞(v) 在(p) 家(n) 必(d) 聞(v)
LY1221,樊遲從遊於舞雩之下 曰 敢問崇德 脩慝 辨惑 子曰 善哉問 先事後得 非崇德與 攻其惡 無攻人之惡 非脩慝與 一朝之忿 忘其身以及其親 非惑與,樊(nh) 遲(v) 從(n) 遊(v) 於(v) 舞雩(n) 之(u) 下(nd) 曰(v) 敢(v) 問(v) 崇德(ns) 脩(v) 慝(n) 辨惑(v) 子(n) 曰(v) 善(a) 哉(u) 問(n) 先事(n) 後(v) 得(u) 非(v) 崇德(ns) 與(n) 攻(v) 其(r) 惡(n) 無(n) 攻(v) 人(n) 之(u) 惡(n) 非(d) 脩(v) 慝(n) 與(v) 一朝(nt) 之(u) 忿(n) 忘(v) 其(r) 身(n) 以(j) 及(c) 其(r) 親(n) 非(d) 惑(v) 與(n)
LY1222,樊遲問仁 子曰 愛人 問知 子曰 知人 樊遲未達 子曰 擧直錯諸枉 能使枉者直 樊遲退 見子夏曰 鄕也吾見於夫子而問知 子曰 擧直錯諸枉 能使枉者直 何謂也 子夏曰 富哉言乎 舜有天下 選於衆 擧皐陶 不仁者遠矣 湯有天下 選於衆 擧伊尹 不仁者遠矣,樊(nh) 遲(v) 問(n) 仁(n) 子(n) 曰(v) 愛(v) 人(n) 問(n) 知(v) 子(n) 曰(v) 知(v) 人(n) 樊(nh) 遲(nh) 未(d) 達(v) 子(n) 曰(v) 擧(n) 直(d) 錯(v) 諸(n) 枉(d) 能使(v) 枉(v) 者(k) 直(d) 樊(v) 遲(n) 退(v) 見(n) 子(n) 夏(nt) 曰(v) 鄕(n) 也(d) 吾(r) 見(v) 於(v) 夫子(n) 而(c) 問(n) 知(v) 子(n) 曰(v) 擧(n) 直(d) 錯(v) 諸(n) 枉(d) 能使(v) 枉(v) 者(k) 直(d) 何(r) 謂(n) 也(d) 子(n) 夏(nt) 曰(v) 富(a) 哉(u) 言(v) 乎(u) 舜(n) 有(v) 天下(n) 選(v) 於(v) 衆(n) 擧(v) 皐(n) 陶(nh) 不(v) 仁(n) 者(k) 遠(v) 矣(u) 湯(v) 有(v) 天下(n) 選(v) 於(v) 衆(v) 擧(n) 伊尹(nh) 不(v) 仁(n) 者(k) 遠(v) 矣(u)
LY1223,子貢問友 子曰 忠告而善道之 不可則止 毋自辱焉,子貢(v) 問(n) 友(n) 子(n) 曰(v) 忠告(n) 而(c) 善道(v) 之(u) 不(n) 可(v) 則(v) 止(v) 毋(d) 自(p) 辱(v) 焉(r)
LY1224,曾子曰 君子以文會友 以友輔仁,曾子(nh) 曰(v) 君子(n) 以(p) 文(n) 會(v) 友(n) 以(p) 友(n) 輔(v) 仁(n)
LY1301,子路問政 子曰 先之勞之 請益 曰 無倦,子路(nh) 問(v) 政(n) 子(n) 曰(v) 先(d) 之(u) 勞(n) 之(u) 請(n) 益(d) 曰(v) 無(v) 倦(n)
LY1302,仲弓爲季氏宰 問政 子曰 先有司 赦小過 擧賢才 曰 焉知賢才而擧之 曰 擧爾所知 爾所不知 人其舍諸,仲弓(nh) 爲(v) 季氏(nh) 宰(v) 問(v) 政(n) 子(n) 曰(v) 先(d) 有(v) 司(n) 赦(v) 小(a) 過(n) 擧(v) 賢(n) 才(d) 曰(v) 焉(u) 知(v) 賢(n) 才(d) 而(c) 擧(v) 之(u) 曰(v) 擧(n) 爾(n) 所(u) 知(v) 爾(n) 所(u) 不(v) 知(v) 人(n) 其(r) 舍(v) 諸(nh)
LY1303,子路曰 衛君待子而爲政 子將奚先 子曰 必也正名乎 子路曰 有是哉 子之迂也 奚其正 子曰 野哉 由也 君子於其所不知 蓋闕如也 名不正 則言不順 言不順 則事不成 事不成 則禮樂不興 禮樂不興 則刑罰不中 刑罰不中 則民無所措手足 故君子名之必可言也 言之必可行也 君子於其言 無所苟而已矣,子路(nh) 曰(v) 衛(v) 君(n) 待(v) 子(n) 而(c) 爲(v) 政(n) 子(n) 將(v) 奚(n) 先(d) 子(v) 曰(v) 必(d) 也(d) 正名(v) 乎(u) 子路(n) 曰(v) 有(v) 是(v) 哉(u) 子(n) 之(u) 迂(n) 也(d) 奚(v) 其(r) 正(b) 子(n) 曰(v) 野(a) 哉(u) 由(p) 也(d) 君子(n) 於(v) 其(r) 所(u) 不(v) 知(v) 蓋(n) 闕(v) 如(v) 也(d) 名(v) 不(n) 正(d) 則(v) 言(n) 不(n) 順(v) 言(v) 不(n) 順(v) 則(v) 事(n) 不(v) 成(v) 事(n) 不(v) 成(v) 則(n) 禮(v) 樂(n) 不(v) 興(n) 禮(v) 樂(n) 不(v) 興(n) 則(v) 刑(n) 罰(v) 不(n) 中(nd) 刑(n) 罰(v) 不(n) 中(nd) 則(v) 民(n) 無(v) 所(u) 措手足(v) 故(c) 君子(n) 名(v) 之(u) 必(d) 可(v) 言(v) 也(d) 言(v) 之(u) 必(d) 可(v) 行(v) 也(d) 君子(n) 於(v) 其(r) 言(n) 無(n) 所(u) 苟(v) 而(c) 已(d) 矣(u)
LY1304,樊遲請學稼 子曰 吾不如老農 請學爲圃 曰 吾不如老圃 樊遲出 子曰 小人哉 樊須也 上好禮 則民莫敢不敬 上好義 則民莫敢不服 上好信 則民莫敢不用情 夫如是 則四方之民襁負其子而至矣 焉用稼,樊(nh) 遲(nh) 請(v) 學(n) 稼(n) 子(n) 曰(v) 吾(r) 不(n) 如(v) 老(a) 農(n) 請(v) 學(n) 爲(v) 圃(n) 曰(v) 吾(r) 不(n) 如(v) 老圃(n) 樊(nh) 遲(v) 出(v) 子(n) 曰(v) 小人(n) 哉(u) 樊(nh) 須(nh) 也(d) 上(v) 好(a) 禮(n) 則(v) 民(n) 莫(d) 敢(v) 不(v) 敬(v) 上(v) 好(a) 義(n) 則(v) 民(n) 莫(d) 敢(v) 不(v) 服(v) 上(v) 好(a) 信(n) 則(v) 民(n) 莫(d) 敢(v) 不(v) 用(v) 情(n) 夫(n) 如是(v) 則(v) 四方(n) 之(u) 民(n) 襁(v) 負(v) 其(r) 子(n) 而(c) 至(v) 矣(u) 焉(u) 用(p) 稼(n)
LY1305,子曰 誦詩三百 授之以政 不達 使於四方 不能專對 雖多 亦奚以爲,子(n) 曰(v) 誦(n) 詩(v) 三百(m) 授(v) 之(r) 以(p) 政(n) 不(v) 達(n) 使(v) 於(v) 四方(n) 不(v) 能(v) 專(v) 對(v) 雖(n) 多(a) 亦(d) 奚(v) 以(p) 爲(v)
LY1306,子曰 其身正 不令而行 其身不正 雖令不從,子(n) 曰(v) 其(r) 身(n) 正(a) 不(n) 令(v) 而(c) 行(v) 其(r) 身(n) 不(v) 正(d) 雖(v) 令(v) 不(n) 從(nh)
LY1307,子曰 魯衛之政 兄弟也,子(n) 曰(v) 魯(v) 衛(n) 之(u) 政(n) 兄弟(n) 也(d)
LY1308,子謂衛公子荊 善居室 始有 曰 苟合矣 少有 曰 苟完矣 富有 曰 苟美矣,子(n) 謂(v) 衛(n) 公子(n) 荊(v) 善(a) 居室(n) 始(d) 有(v) 曰(v) 苟合(v) 矣(u) 少(d) 有(v) 曰(v) 苟完(v) 矣(u) 富(a) 有(v) 曰(v) 苟(j) 美(j) 矣(u)
LY1309,子適衛 ?有僕 子曰 庶矣哉 ?有曰 旣庶矣 又何加焉 曰 富之 曰 旣富矣 又何加焉 曰 敎之,子(n) 適(v) 衛(n) ?(wp) 有(v) 僕(n) 子(n) 曰(v) 庶(v) 矣(u) 哉(u) ?(wp) 有(v) 曰(v) 旣(v) 庶(n) 矣(u) 又(d) 何(r) 加(v) 焉(r) 曰(v) 富(a) 之(u) 曰(v) 旣(n) 富(a) 矣(u) 又(d) 何(r) 加(v) 焉(r) 曰(v) 敎(n) 之(u)
LY1310,子曰 苟有用我者 期月而已可也 三年有成,子(n) 曰(v) 苟(c) 有(v) 用(p) 我(r) 者(k) 期月(nt) 而(c) 已(d) 可(v) 也(d) 三年(nt) 有(v) 成(v)
LY1311,子曰 善人爲邦百年 亦可以勝殘去殺矣 誠哉是言也,子(n) 曰(v) 善人(n) 爲(v) 邦(n) 百年(m) 亦(d) 可(v) 以(p) 勝(n) 殘(v) 去(v) 殺(v) 矣(u) 誠(v) 哉(u) 是(v) 言(n) 也(d)
LY1312,子曰 如有王者 必世而後仁,子(n) 曰(v) 如(c) 有(v) 王(n) 者(k) 必(d) 世(n) 而(c) 後(v) 仁(nh)
LY1313,子曰 苟正其身矣 於從政乎何有 不能正其身 如正人何,子(n) 曰(v) 苟(c) 正(v) 其(r) 身(n) 矣(u) 於(v) 從(v) 政(n) 乎(p) 何(r) 有(v) 不(n) 能(v) 正(v) 其(r) 身(n) 如(v) 正人(n) 何(r)
LY1314,?子退朝 子曰 何晏也 對曰 有政 子曰 其事也 如有政 雖不吾以 吾其與聞之,?(wp) 子(n) 退朝(v) 子(n) 曰(v) 何(r) 晏(n) 也(d) 對(v) 曰(v) 有(v) 政(n) 子(n) 曰(v) 其(r) 事(n) 也(d) 如(v) 有(v) 政(n) 雖(n) 不(v) 吾(r) 以(p) 吾(r) 其(r) 與(n) 聞(v) 之(u)
LY1315,定公問 一言而可以興邦 有諸 孔子對曰 言不可以若是其幾也 人之言曰 爲君難 爲臣不易 如知爲君之難也 不幾乎一言而興邦乎 曰 一言而喪邦 有諸 孔子對曰 言不可以若是其幾也 人之言曰 予無樂乎爲君 唯其言而莫予違也 如其善而莫之違也 不亦善乎 如不善而莫之違也 不幾乎一言而喪邦乎,定公(v) 問(v) 一(m) 言(n) 而(c) 可(v) 以(p) 興(v) 邦(n) 有(v) 諸(n) 孔子(nh) 對(v) 曰(v) 言(v) 不(n) 可(v) 以(p) 若是(v) 其(r) 幾(n) 也(u) 人(n) 之(u) 言(n) 曰(v) 爲(v) 君(n) 難(v) 爲(v) 臣(n) 不(v) 易(a) 如(v) 知(v) 爲(v) 君(n) 之(u) 難(n) 也(d) 不(v) 幾(v) 乎(u) 一(m) 言(n) 而(c) 興(v) 邦(n) 乎(u) 曰(v) 一(m) 言(n) 而(c) 喪(v) 邦(n) 有(v) 諸(n) 孔子(nh) 對(v) 曰(v) 言(v) 不(n) 可(v) 以(p) 若是(v) 其(r) 幾(n) 也(u) 人(n) 之(u) 言(n) 曰(v) 予(v) 無(n) 樂(v) 乎(u) 爲(v) 君(n) 唯(d) 其(r) 言(n) 而(c) 莫(d) 予(v) 違(n) 也(d) 如(v) 其(r) 善(a) 而(c) 莫(d) 之(u) 違(n) 也(d) 不(v) 亦(d) 善(v) 乎(u) 如(v) 不(n) 善(a) 而(c) 莫(d) 之(u) 違(n) 也(d) 不(v) 幾(v) 乎(u) 一(m) 言(n) 而(c) 喪(v) 邦(n) 乎(u)
LY1316,葉公問政 子曰 近者說 遠者來,葉(v) 公(n) 問(v) 政(n) 子(n) 曰(v) 近(a) 者(k) 說(a) 遠(n) 者(k) 來(nh)
LY1317,子夏爲?父宰 問政 子曰 無欲速 無見小利 欲速 則不達 見小利 則大事不成,子(n) 夏(nt) 爲(v) ?(wp) 父(n) 宰(v) 問(v) 政(n) 子(n) 曰(v) 無(n) 欲速(d) 無(v) 見(v) 小利(n) 欲速(d) 則(v) 不(n) 達(v) 見(v) 小利(n) 則(v) 大事(n) 不(v) 成(v)
LY1318,葉公語孔子曰 吾黨有直躬者 其父攘羊 而子證之 孔子曰 吾黨之直者異於是 父爲子隱 子爲父隱 直在其中矣,葉(v) 公(b) 語(n) 孔子(nh) 曰(v) 吾(r) 黨(n) 有(v) 直(d) 躬(v) 者(k) 其(r) 父(n) 攘羊(n) 而(c) 子(n) 證(v) 之(u) 孔子(nh) 曰(v) 吾(r) 黨(n) 之(u) 直(a) 者(k) 異(v) 於(n) 是(v) 父(n) 爲(v) 子(n) 隱(v) 子(n) 爲(v) 父(n) 隱(n) 直(d) 在(p) 其(r) 中(nd) 矣(u)
LY1319,樊遲問仁 子曰 居處恭 執事敬 與人忠 雖之夷狄 不可棄也,樊(nh) 遲(v) 問(n) 仁(n) 子(n) 曰(v) 居(v) 處(n) 恭(a) 執(v) 事(n) 敬(v) 與(v) 人(n) 忠(v) 雖(n) 之(u) 夷狄(n) 不(n) 可(v) 棄(v) 也(d)
LY1320,子貢問曰 何如斯可謂之士矣 子曰 行己有恥 使於四方 不辱君命 可謂士矣 曰 敢問其次 曰 宗族稱孝焉 鄕黨稱弟焉 曰 敢問其次 曰 言必信 行必果 ??然小人哉 抑亦可以爲次矣 曰 今之從政者何如 子曰 噫 斗?之人 何足算也,子貢(n) 問(n) 曰(v) 何(r) 如(v) 斯可(v) 謂(n) 之(u) 士(n) 矣(u) 子(n) 曰(v) 行己(n) 有(v) 恥(n) 使(v) 於(v) 四方(n) 不(v) 辱君命(n) 可(v) 謂(v) 士(n) 矣(u) 曰(v) 敢(v) 問(v) 其(r) 次(q) 曰(v) 宗族(n) 稱(n) 孝(n) 焉(u) 鄕(v) 黨(v) 稱(n) 弟(n) 焉(r) 曰(v) 敢(v) 問(v) 其(r) 次(q) 曰(v) 言(n) 必(d) 信(v) 行(n) 必(d) 果(v) ?(wp) ?(wp) 然(r) 小人(n) 哉(u) 抑(v) 亦(d) 可(v) 以(p) 爲(v) 次(a) 矣(u) 曰(v) 今(nt) 之(u) 從(v) 政(n) 者(k) 何(r) 如(v) 子(n) 曰(v) 噫(n) 斗(v) ?(wp) 之(u) 人(n) 何(r) 足(d) 算(v) 也(d)
LY1321,子曰 不得中行而與之 必也狂?乎 狂者進取 ?者有所不爲也,子(n) 曰(v) 不(v) 得(u) 中(nd) 行(v) 而(c) 與(v) 之(u) 必(d) 也(d) 狂(a) ?(wp) 乎(d) 狂(a) 者(k) 進(d) 取(v) ?(wp) 者(k) 有(v) 所(u) 不(v) 爲(v) 也(d)
LY1322,子曰 南人有言曰 人而無? 不可以作巫醫 善夫 不?其德 或承之羞 子曰 不占而已矣,子(nh) 曰(v) 南(nd) 人(n) 有(v) 言(n) 曰(v) 人(n) 而(c) 無(n) ?(wp) 不(n) 可(v) 以(p) 作(v) 巫(n) 醫(v) 善(a) 夫(n) 不(n) ?(wp) 其(r) 德(n) 或(c) 承(v) 之(u) 羞(n) 子(n) 曰(v) 不(n) 占(v) 而(c) 已(d) 矣(u)
LY1323,子曰 君子和而不同 小人同而不和,子(n) 曰(v) 君子(n) 和(c) 而(c) 不(v) 同(p) 小人(n) 同(v) 而(c) 不(n) 和(c)
LY1324,子貢問曰 鄕人皆好之 何如 子曰 未可也 鄕人皆惡之 何如 子曰 未可也 不如鄕人之善者好之 其不善者惡之,子貢(n) 問(v) 曰(v) 鄕(v) 人(n) 皆(d) 好(a) 之(u) 何(r) 如(v) 子(n) 曰(v) 未可(v) 也(d) 鄕(v) 人(n) 皆(d) 惡(v) 之(u) 何(r) 如(v) 子(n) 曰(v) 未可(v) 也(d) 不(v) 如(v) 鄕(v) 人(n) 之(u) 善(a) 者(k) 好(a) 之(u) 其(r) 不(a) 善(a) 者(k) 惡(n) 之(u)
LY1325,子曰 君子易事而難說也 說之不以道 不說也 及其使人也 器之 小人難事而易說也 說之雖不以道 說也 及其使人也 求備焉,子(n) 曰(v) 君子(n) 易(a) 事(n) 而(c) 難(v) 說(n) 也(d) 說(v) 之(u) 不(n) 以(p) 道(n) 不(v) 說(n) 也(d) 及(c) 其(r) 使人(n) 也(u) 器(n) 之(u) 小人(n) 難(v) 事(n) 而(c) 易(a) 說(n) 也(d) 說(v) 之(u) 雖(n) 不(n) 以(p) 道(n) 說(n) 也(d) 及(c) 其(r) 使人(n) 也(d) 求(v) 備(n) 焉(u)
LY1326,子曰 君子泰而不驕 小人驕而不泰,子(n) 曰(v) 君子(n) 泰(j) 而(c) 不(v) 驕(v) 小人(n) 驕(v) 而(c) 不(v) 泰(j)
LY1327,子曰 剛毅木訥 近仁,子(n) 曰(v) 剛(n) 毅(nh) 木(n) 訥(n) 近(a) 仁(n)
LY1328,子路問曰 何如斯可謂之士矣 子曰 切切?? 怡怡如也 可謂士矣 朋友切切?? 兄弟怡怡,子路(n) 問(n) 曰(v) 何(r) 如(v) 斯可(v) 謂(n) 之(u) 士(n) 矣(u) 子(n) 曰(v) 切切(n) ?(wp) ?(wp) 怡怡(v) 如(v) 也(d) 可(v) 謂(v) 士(n) 矣(u) 朋友(n) 切切(d) ?(wp) ?(wp) 兄弟(n) 怡怡(nh)
LY1329,子曰 善人敎民七年 亦可以卽戎矣,子(n) 曰(v) 善人(n) 敎(v) 民(n) 七年(nt) 亦(d) 可(v) 以(p) 卽(v) 戎(n) 矣(u)
LY1330,子曰 以不敎民戰 是謂棄之,子(n) 曰(v) 以(p) 不(n) 敎(v) 民(n) 戰(v) 是(v) 謂(v) 棄(n) 之(u)
LY1401,憲問恥 子曰 邦有道 穀 邦無道 穀 恥也 克伐怨欲不行焉 可以爲仁矣 子曰 可以爲難矣 仁則吾不知也,憲(v) 問(n) 恥(v) 子(n) 曰(v) 邦(n) 有(v) 道(n) 穀(v) 邦(n) 無(v) 道(n) 穀(v) 恥(n) 也(d) 克伐怨(v) 欲(d) 不(v) 行(v) 焉(u) 可(v) 以(p) 爲(v) 仁(n) 矣(u) 子(n) 曰(v) 可(v) 以(p) 爲(v) 難(n) 矣(u) 仁(n) 則吾(n) 不(d) 知(v) 也(d)
LY1402,子曰 士而懷居 不足以爲士矣,子(n) 曰(v) 士(n) 而(c) 懷(v) 居(v) 不(n) 足(d) 以(p) 爲(v) 士(n) 矣(u)
LY1403,子曰 邦有道 危言危行 邦無道 危行言孫,子(n) 曰(v) 邦(n) 有(v) 道(n) 危言(n) 危(a) 行(n) 邦(n) 無(n) 道(n) 危(a) 行(n) 言(v) 孫(n)
LY1404,子曰 有德者必有言 有言者不必有德 仁者必有勇 勇者不必有仁,子(n) 曰(v) 有(v) 德(n) 者(k) 必(d) 有(v) 言(n) 有(v) 言(v) 者(r) 不(n) 必(d) 有(v) 德(j) 仁(n) 者(r) 必(d) 有(v) 勇(a) 勇(a) 者(v) 不(n) 必(d) 有(v) 仁(n)
LY1405,南宮适問於孔子曰 ?善射 ??舟 俱不得其死然 禹稷躬稼而有天下 夫子不? 南宮适出 子曰 君子哉若人 尙德哉若人,南(nd) 宮(v) 适(a) 問(v) 於(n) 孔子(nh) 曰(v) ?(wp) 善射(v) ?(wp) ?(wp) 舟(n) 俱(d) 不(v) 得(v) 其(r) 死(v) 然(r) 禹稷(v) 躬稼(n) 而(c) 有(v) 天下(n) 夫子(n) 不(v) ?(wp) 南(nd) 宮(n) 适(v) 出(v) 子(n) 曰(v) 君子(n) 哉(u) 若(v) 人(n) 尙(v) 德(n) 哉(u) 若(v) 人(n)
LY1406,子曰 君子而不仁者有矣夫 未有小人而仁者也,子(n) 曰(v) 君子(n) 而(c) 不(v) 仁(n) 者(k) 有(v) 矣(u) 夫(n) 未(d) 有(v) 小人(n) 而(c) 仁(n) 者(r) 也(d)
LY1407,子曰 愛之 能勿勞乎 忠焉 能勿誨乎,子(n) 曰(v) 愛(n) 之(u) 能(v) 勿(d) 勞(v) 乎(u) 忠(v) 焉(u) 能(v) 勿(d) 誨(v) 乎(u)
LY1408,子曰 爲命 裨諶草創之 世叔討論之 行人子羽脩飾之 東里子産潤色之,子(n) 曰(v) 爲(v) 命(n) 裨(n) 諶(v) 草(n) 創(n) 之(u) 世(n) 叔(n) 討(v) 論(n) 之(u) 行人(n) 子(n) 羽(nh) 脩(v) 飾(n) 之(u) 東(n) 里(nd) 子(n) 産(n) 潤(v) 色(n) 之(u)
LY1409,或問子産 子曰 惠人也 問子西 曰 彼哉 彼哉 問管仲 曰 人也 奪伯氏騈邑三百 飯疏食 沒齒無怨言,或(c) 問(v) 子(n) 産(v) 子(n) 曰(v) 惠(v) 人(n) 也(d) 問(v) 子(n) 西(nd) 曰(v) 彼(r) 哉(u) 彼(r) 哉(u) 問(n) 管仲(nh) 曰(v) 人(n) 也(d) 奪(v) 伯氏(nh) 騈(v) 邑(n) 三百(m) 飯(q) 疏(v) 食(n) 沒(n) 齒(v) 無(n) 怨(v) 言(v)
LY1410,子曰 貧而無怨難 富而無驕易,子(n) 曰(v) 貧(n) 而(c) 無(v) 怨(v) 難(v) 富(a) 而(c) 無(v) 驕(n) 易(a)
LY1411,子曰 孟公綽爲趙魏老則優 不可以爲?薛大夫,子(n) 曰(v) 孟(j) 公(n) 綽(v) 爲(v) 趙(n) 魏(nh) 老(a) 則(n) 優(v) 不(n) 可(v) 以(p) 爲(v) ?(wp) 薛(nh) 大夫(n)
LY1412,子路問成人 子曰 若臧武仲之知 公綽之不欲 卞莊子之勇 ?求之藝 文之以禮樂 亦可以爲成人矣 曰 今之成人者何必然 見利思義 見危授命 久要不忘平生之言 亦可以爲成人矣,子路(n) 問(v) 成(v) 人(n) 子(n) 曰(v) 若(v) 臧武仲(n) 之(u) 知(v) 公(n) 綽(v) 之(u) 不(n) 欲(d) 卞(v) 莊(v) 子(n) 之(u) 勇(n) ?(wp) 求(v) 之(u) 藝(n) 文(n) 之(u) 以(p) 禮(n) 樂(n) 亦(d) 可(v) 以(p) 爲(v) 成(v) 人(n) 矣(u) 曰(v) 今(nt) 之(u) 成(v) 人(n) 者(k) 何(r) 必(d) 然(r) 見(v) 利(n) 思(v) 義(n) 見(v) 危(a) 授命(v) 久要(a) 不(n) 忘(v) 平生(n) 之(u) 言(n) 亦(d) 可(v) 以(p) 爲(v) 成(v) 人(n) 矣(u)
LY1413,子問公叔文子於公明賈曰 信乎 夫子不言 不笑 不取乎 公明賈對曰 以告者過也 夫子時然後言 人不厭其言 樂然後笑 人不厭其笑 義然後取 人不厭其取 子曰 其然 豈其然乎,子(n) 問(v) 公(n) 叔文(n) 子(n) 於(v) 公(n) 明(a) 賈(n) 曰(v) 信(n) 乎(u) 夫子(n) 不(d) 言(v) 不(n) 笑(v) 不(v) 取(v) 乎(p) 公(n) 明(v) 賈(n) 對(v) 曰(v) 以(p) 告(v) 者(r) 過(n) 也(d) 夫子(v) 時(n) 然後(c) 言(v) 人(n) 不(v) 厭(v) 其(r) 言(v) 樂(n) 然後(c) 笑(v) 人(n) 不(v) 厭(v) 其(r) 笑(v) 義(n) 然後(c) 取(v) 人(n) 不(v) 厭(v) 其(r) 取(v) 子(n) 曰(v) 其(r) 然(r) 豈(v) 其(r) 然(r) 乎(u)
LY1414,子曰 臧武仲以防求爲後於魯 雖曰不要君 吾不信也,子(n) 曰(v) 臧武仲(n) 以(p) 防(v) 求(v) 爲(v) 後(n) 於(v) 魯(n) 雖(v) 曰(v) 不(v) 要君(n) 吾(r) 不(v) 信(n) 也(d)
LY1415,子曰 晉文公譎而不正 齊桓公正而不譎,子(n) 曰(v) 晉(n) 文公(n) 譎(v) 而(c) 不(n) 正(d) 齊(v) 桓公(nh) 正(d) 而(c) 不(v) 譎(n)
LY1416,子路曰 桓公殺公子糾 召忽死之 管仲不死 曰 未仁乎 子曰 桓公九合諸侯 不以兵車 管仲之力也 如其仁 如其仁,子路(nh) 曰(v) 桓公(nh) 殺(nh) 公子(n) 糾(n) 召(v) 忽(d) 死(v) 之(u) 管仲(nh) 不(v) 死(v) 曰(v) 未(d) 仁(v) 乎(u) 子(n) 曰(v) 桓公(n) 九(m) 合(v) 諸侯(v) 不(n) 以(p) 兵(n) 車(v) 管仲(nh) 之(u) 力(n) 也(d) 如(v) 其(r) 仁(n) 如(v) 其(r) 仁(n)
LY1417,子貢曰 管仲非仁者與 桓公殺公子糾 不能死 又相之 子曰 管仲相桓公 ?諸侯 一匡天下 民到于今受其賜 微管仲 吾其被髮左?矣 豈若匹夫匹婦之爲諒也 自經於溝瀆而莫之知也,子貢(nh) 曰(v) 管仲(nh) 非(v) 仁(n) 者(k) 與(n) 桓公(nh) 殺(nh) 公子(n) 糾(n) 不(v) 能(v) 死(v) 又(d) 相(v) 之(u) 子(n) 曰(v) 管仲(nh) 相(d) 桓公(v) ?(wp) 諸侯(v) 一(m) 匡天下(q) 民(n) 到(v) 于(p) 今(nt) 受(v) 其(r) 賜(n) 微(a) 管仲(v) 吾(r) 其(r) 被(p) 髮(n) 左(nd) ?(wp) 矣(u) 豈(n) 若(c) 匹夫匹(v) 婦(n) 之(u) 爲(v) 諒(n) 也(d) 自(p) 經(v) 於(v) 溝(n) 瀆(v) 而(c) 莫(d) 之(u) 知(v) 也(d)
LY1418,公叔文子之臣大夫?與文子同升諸公 子聞之 曰 可以爲文矣,公(b) 叔文(n) 子(n) 之(u) 臣(n) 大夫(n) ?(wp) 與(v) 文(n) 子(n) 同(d) 升(v) 諸(n) 公(b) 子(n) 聞(n) 之(u) 曰(v) 可(v) 以(p) 爲文(v) 矣(u)
LY1419,子言衛靈公之無道也 康子曰 夫如是 奚而不喪 孔子曰 仲叔?治賓客 祝?治宗廟 王孫賈治軍旅 夫如是 奚其喪,子(n) 言(v) 衛(n) 靈(v) 公(v) 之(u) 無(n) 道(n) 也(d) 康子(v) 曰(v) 夫(n) 如是(v) 奚(n) 而(c) 不(v) 喪(n) 孔子(nh) 曰(v) 仲叔(nh) ?(wp) 治(v) 賓(n) 客(n) 祝(v) ?(wp) 治(v) 宗(n) 廟(n) 王(nh) 孫(nh) 賈(v) 治(v) 軍(n) 旅(v) 夫(n) 如是(v) 奚(v) 其(r) 喪(n)
LY1420,子曰 其言之不? 則爲之也難,子(n) 曰(v) 其(r) 言(n) 之(u) 不(n) ?(wp) 則(v) 爲(v) 之(r) 也(d) 難(v)
LY1421,陳成子弑簡公 孔子沐浴而朝 告於哀公曰 陳?弑其君 請討之 公曰 告夫三子 孔子曰 以吾從大夫之後 不敢不告也 君曰告夫三子者 之三子告 不可 孔子曰 以吾從大夫之後 不敢不告也,陳(n) 成(v) 子(n) 弑(v) 簡(n) 公(n) 孔子(nh) 沐浴(v) 而(c) 朝(p) 告(v) 於(n) 哀公(nh) 曰(v) 陳(n) ?(wp) 弑(v) 其(r) 君(n) 請(v) 討(n) 之(u) 公(n) 曰(v) 告(v) 夫(n) 三(m) 子(n) 孔子(nh) 曰(v) 以(p) 吾(r) 從(v) 大夫(n) 之(u) 後(v) 不(n) 敢(v) 不(n) 告(v) 也(d) 君(n) 曰(v) 告(v) 夫(n) 三(m) 子(n) 者(k) 之(u) 三(m) 子(n) 告(v) 不(n) 可(v) 孔子(nh) 曰(v) 以(p) 吾(r) 從(v) 大夫(n) 之(u) 後(v) 不(n) 敢(v) 不(n) 告(v) 也(d)
LY1422,子路問事君 子曰 勿欺也 而犯之,子路(ns) 問(n) 事君(n) 子(n) 曰(v) 勿(d) 欺(v) 也(d) 而(c) 犯(v) 之(u)
LY1423,子曰 君子上達 小人下達,子(n) 曰(v) 君子(n) 上(nd) 達(v) 小人(n) 下(v) 達(n)
LY1424,子曰 古之學者爲己 今之學者爲人,子(n) 曰(v) 古(a) 之(u) 學(n) 者(k) 爲(v) 己(r) 今(nt) 之(u) 學(n) 者(k) 爲(v) 人(n)
LY1425,?伯玉使人於孔子 孔子與之坐而問焉 曰 夫子何爲 對曰 夫子欲寡其過而未能也 使者出 子曰 使乎 使乎,?(wp) 伯玉(nh) 使人(n) 於(v) 孔子(nh) 孔子(nh) 與(nh) 之(u) 坐(v) 而(c) 問(v) 焉(r) 曰(v) 夫子(n) 何(r) 爲(v) 對(n) 曰(v) 夫子(n) 欲(d) 寡(v) 其(r) 過(n) 而(c) 未能(v) 也(d) 使(v) 者(r) 出(v) 子(n) 曰(v) 使(v) 乎(d) 使(v) 乎(u)
LY1426,https://ctext.org/analects/xian-wen#n1464,h(nh) t(ws) t(ws) p(n) s(v) :(n) /(wp) /(wp) c(ws) t(ws) e(ws) x(ws) t(ws) .(wp) o(ws) r(ws) g(ws) /(ws) a(ws) n(ws) a(ws) l(ws) e(ws) c(ws) t(ws) s(n) /(wp) x(v) i(n) a(v) n(ws) -(wp) w(ws) e(ws) n(ws) #(wp) n(ws) 1(m) 4(m) 6(m) 4(m)
LY1427,子曰 君子恥其言而過其行,子(n) 曰(v) 君子(n) 恥(v) 其(r) 言(n) 而(c) 過(v) 其(r) 行(n)
LY1428,子曰 君子道者三 我無能焉 仁者不憂 知者不惑 勇者不懼 子貢曰 夫子自道也,子(n) 曰(v) 君子(n) 道(n) 者(k) 三(m) 我(r) 無(v) 能(v) 焉(r) 仁(n) 者(r) 不(n) 憂(d) 知(v) 者(k) 不(d) 惑(v) 勇(a) 者(k) 不(v) 懼(n) 子貢(v) 曰(v) 夫子(n) 自(d) 道(v) 也(d)
LY1429,子貢方人 子曰 賜也賢乎哉 夫我則不暇,子貢(v) 方(n) 人(n) 子(n) 曰(v) 賜(n) 也(d) 賢(v) 乎(u) 哉(u) 夫(n) 我(r) 則(v) 不(v) 暇(n)
LY1430,子曰 不患人之不己知 患其不能也,子(n) 曰(v) 不(v) 患人(n) 之(u) 不(n) 己(r) 知(v) 患(v) 其(r) 不(n) 能(v) 也(d)
LY1431,子曰 不逆詐 不億不信 抑亦先覺者 是賢乎,子(n) 曰(v) 不(n) 逆(v) 詐(n) 不(v) 億(n) 不(v) 信(n) 抑(v) 亦(d) 先(d) 覺(v) 者(k) 是(v) 賢(n) 乎(u)
LY1432,微生畝謂孔子曰 丘何爲是栖栖者與 無乃爲?乎 孔子曰 非敢爲?也 疾固也,微(a) 生(v) 畝(n) 謂(n) 孔子(nh) 曰(v) 丘(n) 何(r) 爲(v) 是(v) 栖栖(v) 者(k) 與(v) 無(n) 乃(v) 爲(v) ?(wp) 乎(p) 孔子(nh) 曰(v) 非敢(b) 爲(n) ?(wp) 也(d) 疾(a) 固(v) 也(d)
LY1433,子曰 驥不稱其力 稱其德也,子(n) 曰(v) 驥(n) 不(n) 稱(v) 其(r) 力(n) 稱(v) 其(r) 德(n) 也(d)
LY1434,或曰 以德報怨 何如 子曰 何以報德 以直報怨 以德報德,或(c) 曰(v) 以(p) 德(n) 報(n) 怨(v) 何(r) 如(v) 子(n) 曰(v) 何(r) 以(p) 報(j) 德(j) 以(p) 直(d) 報(v) 怨(v) 以(p) 德(j) 報(j) 德(j)
LY1435,子曰 莫我知也夫 子貢曰 何爲其莫知子也 子曰 不怨天 不尤人 下學而上達 知我者其天乎,子(n) 曰(v) 莫(d) 我(r) 知(v) 也(d) 夫(n) 子貢(v) 曰(v) 何(r) 爲(v) 其(r) 莫(d) 知(v) 子(n) 也(d) 子(n) 曰(v) 不(n) 怨天(v) 不(n) 尤(v) 人(n) 下(v) 學(n) 而(c) 上(v) 達(v) 知我(r) 者(k) 其(r) 天(n) 乎(u)
LY1436,公伯寮?子路於季孫 子服景伯以告 曰 夫子固有惑志於公伯寮 吾力猶能肆諸市朝 子曰 道之將行也與 命也 道之將廢也與 命也 公伯寮其如命何,公伯寮(n) ?(wp) 子路(n) 於(v) 季(n) 孫(v) 子(n) 服(v) 景伯(n) 以(p) 告(v) 曰(v) 夫子(n) 固(d) 有(v) 惑(v) 志(n) 於(v) 公伯寮(v) 吾(r) 力(n) 猶(v) 能(v) 肆(v) 諸(n) 市朝(n) 子(n) 曰(v) 道(n) 之(u) 將(n) 行(n) 也(d) 與(v) 命(n) 也(d) 道(v) 之(u) 將(n) 廢(n) 也(d) 與(v) 命(n) 也(d) 公伯寮(v) 其(r) 如(v) 命(n) 何(r)
LY1437,子曰 賢者?世 其次?地 其次?色 其次?言 子曰 作者七人矣,子(n) 曰(v) 賢(n) 者(k) ?(wp) 世(n) 其(r) 次(q) ?(wp) 地(u) 其(r) 次(q) ?(wp) 色(n) 其(r) 次(q) ?(wp) 言(v) 子(n) 曰(v) 作(v) 者(k) 七人(n) 矣(u)
LY1438,子路宿於石門 晨門曰 奚自 子路曰 自孔氏 曰 是知其不可而爲之者與,子路(ns) 宿(n) 於(v) 石(n) 門(v) 晨(nt) 門(v) 曰(v) 奚(nh) 自(p) 子路(r) 曰(v) 自(p) 孔氏(nh) 曰(v) 是(v) 知(v) 其(r) 不(n) 可(v) 而(c) 爲(v) 之(r) 者(n) 與(nh)
LY1439,子擊磬於衛 有荷?而過孔氏之門者 曰 有心哉 擊磬乎 旣而曰 子曰 果哉 末之難矣,子(n) 擊(v) 磬(n) 於(v) 衛(n) 有(v) 荷(n) ?(wp) 而(c) 過孔(v) 氏(n) 之(u) 門(n) 者(k) 曰(v) 有(v) 心(n) 哉(u) 擊(v) 磬(n) 乎(u) 旣(n) 而(c) 曰(v) 子(n) 曰(v) 果(n) 哉(u) 末(nd) 之(u) 難(n) 矣(u)
LY1440,子張曰 書云 高宗諒陰 三年不言 何謂也 子曰 何必高宗 古之人皆然 君薨 百官總己以聽於?宰三年,子張(nh) 曰(v) 書(v) 云(n) 高宗(nh) 諒(nh) 陰(nh) 三年(nt) 不(n) 言(v) 何(r) 謂(n) 也(d) 子(n) 曰(v) 何(r) 必(d) 高宗(v) 古(a) 之(u) 人(n) 皆(d) 然(r) 君(n) 薨(v) 百官(n) 總(v) 己(r) 以(p) 聽(v) 於(v) ?(wp) 宰(v) 三年(nt)
LY1441,子曰 上好禮 則民易使也,子(n) 曰(v) 上(v) 好(a) 禮(n) 則(v) 民(n) 易(a) 使(v) 也(nh)
LY1442,子路問君子 子曰 脩己以敬 曰 如斯而已乎 曰 脩己以安人 曰 如斯而已乎 曰 脩己以安百姓 脩己以安百姓 堯舜其猶病諸,子路(nh) 問(v) 君子(n) 子(n) 曰(v) 脩(v) 己(r) 以(p) 敬(v) 曰(v) 如(v) 斯(r) 而(c) 已(d) 乎(p) 曰(v) 脩(v) 己(r) 以(p) 安(v) 人(n) 曰(v) 如(v) 斯(r) 而(c) 已(d) 乎(p) 曰(v) 脩(v) 己(r) 以(p) 安(v) 百姓(n) 脩(v) 己(r) 以(p) 安(v) 百姓(n) 堯(v) 舜(v) 其(r) 猶(n) 病(n) 諸(n)
LY1443,原壤夷俟 子曰 幼而不孫弟 長而無述焉 老而不死 是爲賊 以杖叩其脛,原(b) 壤夷俟(n) 子(n) 曰(v) 幼(a) 而(c) 不(v) 孫(v) 弟(n) 長(v) 而(c) 無(n) 述(v) 焉(u) 老(a) 而(c) 不(v) 死(v) 是(v) 爲(v) 賊(n) 以(p) 杖(n) 叩(v) 其(r) 脛(n)
LY1444,闕黨童子將命 或問之曰 益者與 子曰 吾見其居於位也 見其與先生?行也 非求益者也 欲速成者也,闕(nh) 黨(v) 童子(n) 將(v) 命(n) 或(c) 問(v) 之(u) 曰(v) 益(n) 者(k) 與(v) 子(n) 曰(v) 吾(r) 見(v) 其(r) 居(v) 於(v) 位(n) 也(d) 見(v) 其(r) 與(nh) 先生(n) ?(wp) 行(v) 也(d) 非(d) 求(v) 益(n) 者(k) 也(d) 欲(d) 速成(v) 者(k) 也(d)
LY1501,衛靈公問陳於孔子 孔子對曰 俎豆之事 則嘗聞之矣 軍旅之事 未之學也,衛(nh) 靈(v) 公(n) 問(v) 陳(n) 於(v) 孔子(nh) 孔子(nh) 對(nh) 曰(v) 俎豆(n) 之(u) 事(n) 則(d) 嘗(v) 聞(v) 之(u) 矣(u) 軍(n) 旅(v) 之(u) 事(n) 未(d) 之(u) 學(n) 也(d)
LY1502,明日遂行 在陳絶糧 從者病 莫能興 子路?見曰 君子亦有窮乎 子曰 君子固窮 小人窮斯濫矣,明日(nt) 遂行(v) 在(p) 陳(n) 絶(v) 糧(v) 從(n) 者(k) 病(n) 莫(d) 能(v) 興(v) 子(n) 路(n) ?(wp) 見(v) 曰(v) 君子(n) 亦(d) 有(v) 窮(n) 乎(u) 子(n) 曰(v) 君子(n) 固(v) 窮(n) 小人(n) 窮(v) 斯(r) 濫(v) 矣(u)
LY1503,子曰 賜也 女以予爲多學而識之者與 對曰 然 非與 曰 非也 予一以貫之,子(n) 曰(v) 賜(n) 也(d) 女(b) 以(p) 予(v) 爲(v) 多(a) 學(n) 而(c) 識(v) 之(r) 者(n) 與(n) 對(n) 曰(v) 然(r) 非(d) 與(v) 曰(v) 非(d) 也(d) 予一(v) 以(p) 貫(n) 之(u)
LY1504,子曰 由 知德者鮮矣,子(n) 曰(v) 由(p) 知(v) 德(n) 者(k) 鮮(n) 矣(u)
LY1505,子曰 無爲而治者其舜也與 夫何爲哉 恭己正南面而已矣,子(n) 曰(v) 無(n) 爲(v) 而(c) 治(v) 者(k) 其(r) 舜(n) 也(d) 與(v) 夫(n) 何(r) 爲(v) 哉(u) 恭己(i) 正(d) 南面(nd) 而(c) 已(d) 矣(u)
LY1506,子張問行 子曰 言忠信 行篤敬 雖蠻貊之邦 行矣 言不忠信 行不篤敬 雖州里 行乎哉 立則見其參於前也 在輿則見其倚於衡也 夫然後行 子張書諸紳,子張(v) 問(n) 行(v) 子(n) 曰(v) 言(n) 忠信(n) 行(v) 篤(n) 敬(v) 雖(v) 蠻(n) 貊(v) 之(u) 邦(n) 行(v) 矣(u) 言(n) 不(v) 忠信(n) 行(v) 不(v) 篤(n) 敬(v) 雖(v) 州(n) 里(nd) 行(v) 乎(u) 哉(u) 立(v) 則(n) 見(v) 其(r) 參(n) 於(v) 前(nd) 也(d) 在(p) 輿(n) 則(v) 見(v) 其(r) 倚(v) 於(v) 衡(v) 也(d) 夫(n) 然後(c) 行(v) 子張(n) 書(n) 諸(v) 紳(n)
LY1507,子曰 直哉史魚 邦有道 如矢 邦無道 如矢 君子哉?伯玉 邦有道 則仕 邦無道 則可卷而懷之,子(n) 曰(v) 直(d) 哉(v) 史(n) 魚(v) 邦(n) 有(v) 道(n) 如(v) 矢(n) 邦(n) 無(v) 道(n) 如(v) 矢(n) 君子(n) 哉(u) ?(wp) 伯玉(nh) 邦(n) 有(v) 道(n) 則(v) 仕(n) 邦(n) 無(v) 道(n) 則(n) 可(v) 卷(v) 而(c) 懷(v) 之(u)
LY1508,子曰 可與言而不與言 失人 不可與言而與之言 失言 知者不失人 亦不失言,子(n) 曰(v) 可(v) 與(v) 言(n) 而(c) 不(v) 與(v) 言(n) 失(v) 人(n) 不(n) 可(v) 與(v) 言(n) 而(c) 與(v) 之(u) 言(n) 失(v) 言(n) 知(v) 者(k) 不(d) 失(v) 人(n) 亦(d) 不(v) 失(v) 言(n)
LY1509,子曰 志士仁人 無求生以害仁 有殺身以成仁,子(n) 曰(v) 志士(n) 仁人(n) 無(n) 求(v) 生(v) 以(p) 害仁(n) 有(v) 殺(v) 身(n) 以(p) 成(v) 仁(n)
LY1510,子貢問爲仁 子曰 工欲善其事 必先利其器 居是邦也 事其大夫之賢者 友其士之仁者,子貢(nh) 問(v) 爲(v) 仁(n) 子(n) 曰(v) 工欲善(n) 其(r) 事(n) 必(d) 先(d) 利(v) 其(r) 器(n) 居(v) 是(v) 邦(n) 也(d) 事(v) 其(r) 大夫(n) 之(u) 賢(n) 者(k) 友(n) 其(r) 士(n) 之(u) 仁(n) 者(k)
LY1511,顔淵問爲邦 子曰 行夏之時 乘殷之輅 服周之冕 樂則韶舞 放鄭聲 遠?人 鄭聲淫 ?人殆,顔(nh) 淵(v) 問(n) 爲(v) 邦(n) 子(n) 曰(v) 行(v) 夏(nt) 之(u) 時(n) 乘(v) 殷(nh) 之(u) 輅(n) 服(v) 周(nh) 之(u) 冕(n) 樂(n) 則(v) 韶舞(n) 放(v) 鄭(n) 聲(v) 遠(n) ?(wp) 人(n) 鄭(n) 聲(v) 淫(a) ?(wp) 人(n) 殆(n)
LY1512,子曰 人無遠慮 必有近憂,子(n) 曰(v) 人(n) 無(n) 遠(v) 慮(n) 必(d) 有(v) 近(a) 憂(n)
LY1513,子曰 已矣乎 吾未見好德如好色者也,子(n) 曰(v) 已(d) 矣(v) 乎(u) 吾(r) 未(d) 見(v) 好(a) 德(n) 如(v) 好色(n) 者(k) 也(d)
LY1514,子曰 臧文仲其竊位者與 知柳下惠之賢而不與立也,子(n) 曰(v) 臧文仲(v) 其(r) 竊(a) 位(n) 者(k) 與(d) 知(v) 柳下惠(n) 之(u) 賢(n) 而(c) 不(v) 與(n) 立(v) 也(d)
LY1515,子曰 躬自厚而薄責於人 則遠怨矣,子(n) 曰(v) 躬自(d) 厚(a) 而(c) 薄(a) 責(v) 於(v) 人(n) 則(v) 遠(n) 怨(v) 矣(u)
LY1516,子曰 不曰如之何 如之何者 吾末如之何也已矣,子(n) 曰(v) 不(n) 曰(v) 如(v) 之(u) 何(r) 如(v) 之(u) 何(r) 者(k) 吾(r) 末(nd) 如(v) 之(u) 何(r) 也(d) 已(d) 矣(u)
LY1517,子曰 ?居終日 言不及義 好行小慧 難矣哉,子(n) 曰(v) ?(wp) 居(v) 終(ns) 日(n) 言(v) 不(n) 及(c) 義(v) 好(a) 行(v) 小慧(n) 難(v) 矣(u) 哉(u)
LY1518,子曰 君子義以爲質 禮以行之 孫以出之 信以成之 君子哉,子(n) 曰(v) 君子(n) 義(v) 以(p) 爲(v) 質(v) 禮(n) 以(p) 行(v) 之(u) 孫(n) 以(p) 出(v) 之(u) 信(n) 以(p) 成(v) 之(u) 君子(n) 哉(u)
LY1519,子曰 君子病無能焉 不病人之不己知也,子(n) 曰(v) 君子(n) 病(n) 無(n) 能(v) 焉(u) 不(v) 病人(n) 之(u) 不(n) 己知(n) 也(d)
LY1520,子曰 君子疾沒世而名不稱焉,子(n) 曰(v) 君子(n) 疾(n) 沒(v) 世(n) 而(c) 名(n) 不(n) 稱(v) 焉(u)
LY1521,子曰 君子求諸己 小人求諸人,子(n) 曰(v) 君子(n) 求(v) 諸(v) 己(r) 小人(n) 求(v) 諸(v) 人(n)
LY1522,子曰 君子矜而不爭 ?而不黨,子(n) 曰(v) 君子(n) 矜(a) 而(c) 不(v) 爭(n) ?(wp) 而(c) 不(v) 黨(n)
LY1523,子曰 君子不以言擧人 不以人廢言,子(n) 曰(v) 君子(n) 不(v) 以(p) 言(n) 擧(v) 人(n) 不(v) 以(p) 人(n) 廢(v) 言(n)
LY1524,子貢問曰 有一言而可以終身行之者乎 子曰 其恕乎 己所不欲 勿施於人,子貢(n) 問(v) 曰(v) 有(v) 一(m) 言(n) 而(c) 可(v) 以(p) 終(v) 身(n) 行(v) 之(u) 者(n) 乎(u) 子(n) 曰(v) 其(r) 恕(v) 乎(p) 己(r) 所(u) 不(v) 欲(d) 勿(d) 施(v) 於(v) 人(n)
LY1525,子曰 吾之於人也 誰毁誰譽 如有所譽者 其有所試矣 斯民也 三代之所以直道而行也,子(n) 曰(v) 吾(r) 之(u) 於(n) 人(n) 也(d) 誰(v) 毁(v) 誰(n) 譽(n) 如(c) 有(v) 所(u) 譽(v) 者(k) 其(r) 有(v) 所(u) 試(v) 矣(u) 斯民(nh) 也(d) 三(m) 代(q) 之(u) 所(u) 以(p) 直道(n) 而(c) 行(v) 也(d)
LY1526,子曰 吾猶及史之闕文也 有馬者借人乘之 今亡矣夫,子(n) 曰(v) 吾(r) 猶(n) 及(c) 史(n) 之(u) 闕(n) 文(n) 也(d) 有(v) 馬(n) 者(k) 借人(n) 乘(v) 之(u) 今(nt) 亡(v) 矣(u) 夫(n)
LY1527,子曰 巧言亂德 小不忍 則亂大謀,子(n) 曰(v) 巧言(n) 亂(n) 德(n) 小(a) 不(n) 忍(v) 則(n) 亂(v) 大(a) 謀(n)
LY1528,子曰 衆惡之 必察焉 衆好之 必察焉,子(n) 曰(v) 衆(n) 惡(v) 之(u) 必(d) 察(v) 焉(u) 衆(v) 好(a) 之(u) 必(d) 察(v) 焉(u)
LY1529,子曰 人能弘道 非道弘人,子(n) 曰(v) 人(n) 能(v) 弘道(v) 非(v) 道(n) 弘(v) 人(n)
LY1530,子曰 過而不改 是謂過矣,子(n) 曰(v) 過(n) 而(c) 不(v) 改(v) 是(v) 謂(n) 過(v) 矣(u)
LY1531,子曰 吾嘗終日不食 終夜不寢 以思無益 不如學也,子(n) 曰(v) 吾(r) 嘗(v) 終(r) 日(q) 不(n) 食(v) 終(n) 夜(nt) 不(v) 寢(n) 以(p) 思(v) 無(v) 益(v) 不(n) 如(v) 學(n) 也(d)
LY1532,子曰 君子謀道不謀食 耕也 ?在其中矣 學也 祿在其中矣 君子憂道不憂貧,子(n) 曰(v) 君子(n) 謀(v) 道(n) 不(v) 謀(n) 食(v) 耕(v) 也(d) ?(wp) 在(p) 其(r) 中(nd) 矣(u) 學(n) 也(d) 祿(v) 在(p) 其(r) 中(nd) 矣(u) 君子(n) 憂(v) 道(n) 不(v) 憂(n) 貧(nh)
LY1533,子曰 知及之 仁不能守之 雖得之 必失之 知及之 仁能守之 不莊以?之 則民不敬 知及之 仁能守之 莊以?之 動之不以禮 未善也,子(n) 曰(v) 知(v) 及(c) 之(r) 仁(n) 不(nh) 能(v) 守(v) 之(u) 雖(n) 得(v) 之(u) 必(d) 失(v) 之(u) 知(v) 及(c) 之(r) 仁(n) 能(v) 守(v) 之(u) 不(n) 莊(v) 以(p) ?(wp) 之(r) 則(n) 民(n) 不(d) 敬(v) 知(v) 及(c) 之(r) 仁(n) 能(v) 守(v) 之(u) 莊(n) 以(p) ?(wp) 之(u) 動(n) 之(u) 不(n) 以(p) 禮(n) 未(d) 善(a) 也(u)
LY1534,子曰 君子不可小知而可大受也 小人不可大受而可小知也,子(n) 曰(v) 君子(n) 不(n) 可(v) 小(a) 知(v) 而(c) 可(v) 大(d) 受(v) 也(u) 小人(n) 不(v) 可(v) 大(d) 受(v) 而(c) 可(v) 小(a) 知(v) 也(d)
LY1535,子曰 民之於仁也 甚於水火 水火 吾見蹈而死者矣 未見蹈仁而死者也,子(n) 曰(v) 民(n) 之(u) 於(n) 仁(n) 也(d) 甚(d) 於(v) 水火(n) 水火(n) 吾(r) 見(d) 蹈(v) 而(c) 死(v) 者(k) 矣(u) 未(d) 見(v) 蹈仁(v) 而(c) 死(v) 者(r) 也(d)
LY1536,子曰 當仁 不讓於師,子(n) 曰(v) 當(n) 仁(n) 不(v) 讓(v) 於(v) 師(n)
LY1537,子曰 君子貞而不諒,子(n) 曰(v) 君子(n) 貞(v) 而(c) 不(v) 諒(n)
LY1538,子曰 事君 敬其事而後其食,子(n) 曰(v) 事君(n) 敬(v) 其(r) 事(n) 而(c) 後(v) 其(r) 食(n)
LY1539,子曰 有敎無類,子(n) 曰(v) 有(v) 敎(n) 無(n) 類(nh)
LY1540,子曰 道不同 不相爲謀,子(n) 曰(v) 道(n) 不(n) 同(p) 不(n) 相(d) 爲(v) 謀(n)
LY1541,子曰 辭達而已矣,子(n) 曰(v) 辭(n) 達(n) 而(c) 已(d) 矣(u)
LY1542,師冕見 及階 子曰 階也 及席 子曰 席也 皆坐 子告之曰 某在斯 某在斯 師冕出 子張問曰 與師言之道與 子曰 然 固相師之道也,師(v) 冕(n) 見(n) 及(c) 階(n) 子(n) 曰(v) 階(n) 也(d) 及(c) 席(n) 子(n) 曰(v) 席(n) 也(d) 皆(d) 坐(v) 子(n) 告(v) 之(r) 曰(v) 某(r) 在(p) 斯(r) 某(r) 在(p) 斯(r) 師(v) 冕(v) 出(v) 子張(n) 問(n) 曰(v) 與(v) 師(n) 言(v) 之(u) 道(n) 與(v) 子(n) 曰(v) 然(n) 固(v) 相(d) 師(v) 之(u) 道(n) 也(d)
LY1601,季氏將伐?臾 ?有季路見於孔子曰 季氏將有事於?臾 孔子曰 求 無乃爾是過與 夫?臾 昔者先王以爲東蒙主 且在邦域之中矣 是社稷之臣也 何以伐爲 ?有曰 夫子欲之 吾二臣者皆不欲也 孔子曰 求 周任有言曰 陳力就列 不能者止 危而不持 顚而不扶 則將焉用彼相矣 且爾言過矣 虎?出於? 龜玉毁於?中 是誰之過與 ?有曰 今夫?臾 固而近於費 今不取 後世必爲子孫憂 孔子曰 求 君子疾夫舍曰欲之而必爲之辭 丘也聞有國有家者 不患寡而患不均 不患貧而患不安 蓋均無貧 和無寡 安無傾 夫如是 故遠人不服 則脩文德以來之 旣來之 則安之 今由與求也 相夫子 遠人不服 而不能來也 邦分崩離析 而不能守也 而謀動干戈於邦內 吾恐季孫之憂 不在?臾 而在蕭牆之內也,季氏(nh) 將(v) 伐(v) ?(wp) 臾(n) ?(wp) 有(v) 季路(n) 見(v) 於(n) 孔子(nh) 曰(v) 季氏(nh) 將(n) 有(v) 事(n) 於(v) ?(wp) 臾(n) 孔子(nh) 曰(v) 求(v) 無(n) 乃(v) 爾(n) 是(v) 過(v) 與(v) 夫(n) ?(wp) 臾(v) 昔(nt) 者(k) 先王(n) 以(p) 爲(v) 東(n) 蒙(v) 主(n) 且(c) 在(p) 邦域(n) 之(u) 中(nd) 矣(u) 是(v) 社稷(n) 之(u) 臣(n) 也(d) 何(r) 以(p) 伐(v) 爲(v) ?(wp) 有(v) 曰(v) 夫子(n) 欲(v) 之(u) 吾(r) 二(m) 臣(n) 者(k) 皆(d) 不(v) 欲(d) 也(d) 孔子(nh) 曰(v) 求(v) 周(n) 任(v) 有(v) 言(n) 曰(v) 陳(v) 力(n) 就列(v) 不(a) 能(v) 者(k) 止(v) 危(a) 而(c) 不(v) 持(v) 顚(n) 而(c) 不(v) 扶(v) 則(n) 將(v) 焉(r) 用(p) 彼(r) 相(d) 矣(a) 且(c) 爾(v) 言(v) 過(v) 矣(u) 虎(n) ?(wp) 出(v) 於(n) ?(wp) 龜(v) 玉(n) 毁(v) 於(n) ?(wp) 中(nd) 是(v) 誰(n) 之(u) 過(n) 與(n) ?(wp) 有(v) 曰(v) 今(nt) 夫(n) ?(wp) 臾(n) 固(v) 而(c) 近(a) 於(v) 費(v) 今(nt) 不(n) 取(v) 後世(n) 必(d) 爲(v) 子孫(v) 憂(n) 孔子(nh) 曰(v) 求(v) 君子(n) 疾(a) 夫(n) 舍(v) 曰(v) 欲(v) 之(r) 而(c) 必(d) 爲(v) 之(u) 辭(n) 丘(n) 也(d) 聞(v) 有(v) 國(n) 有(v) 家(n) 者(k) 不(n) 患(v) 寡(a) 而(c) 患(v) 不(n) 均(d) 不(v) 患(v) 貧(n) 而(c) 患(v) 不(n) 安(v) 蓋(n) 均(d) 無(v) 貧(n) 和(c) 無(n) 寡(a) 安(v) 無(v) 傾(v) 夫(n) 如是(v) 故(c) 遠人(v) 不(n) 服(v) 則(v) 脩文德(n) 以(p) 來(n) 之(u) 旣(n) 來(n) 之(u) 則(n) 安(v) 之(u) 今(nt) 由(p) 與(d) 求(v) 也(d) 相(v) 夫子(n) 遠人(v) 不(v) 服(v) 而(c) 不(n) 能(v) 來(v) 也(u) 邦(n) 分崩(v) 離(n) 析(v) 而(c) 不(v) 能守(v) 也(d) 而(c) 謀(v) 動(v) 干戈(n) 於(v) 邦(n) 內(v) 吾(r) 恐(v) 季(n) 孫(v) 之(u) 憂(n) 不(v) 在(p) ?(wp) 臾(v) 而(c) 在(p) 蕭(v) 牆(n) 之(u) 內(n) 也(d)
LY1602,孔子曰 天下有道 則禮樂征伐自天子出 天下無道 則禮樂征伐自諸侯出 自諸侯出 蓋十世希不失矣 自大夫出 五世希不失矣 陪臣執國命 三世希不失矣 天下有道 則政不在大夫 天下有道 則庶人不議,孔子(nh) 曰(v) 天下(n) 有(v) 道(n) 則(n) 禮(v) 樂(n) 征伐(v) 自(r) 天子(n) 出(v) 天下(n) 無(v) 道(n) 則(v) 禮(n) 樂(n) 征伐(v) 自(r) 諸侯(v) 出(v) 自(r) 諸侯(v) 出(v) 蓋(n) 十世(i) 希(nh) 不(v) 失(v) 矣(u) 自(p) 大夫(n) 出(v) 五世(n) 希(nh) 不(v) 失(v) 矣(u) 陪臣(n) 執(v) 國(v) 命(n) 三世(n) 希(v) 不(n) 失(v) 矣(u) 天下(n) 有(v) 道(n) 則(v) 政(n) 不(n) 在(p) 大夫(n) 天下(n) 有(v) 道(n) 則(v) 庶人(n) 不(v) 議(n)
LY1603,孔子曰 祿之去公室五世矣 政逮於大夫四世矣 故夫三桓之子孫微矣,孔子(nh) 曰(v) 祿(n) 之(u) 去(v) 公室(n) 五世(v) 矣(u) 政(n) 逮(v) 於(n) 大夫(n) 四世(i) 矣(u) 故(c) 夫(n) 三(m) 桓(q) 之(u) 子孫(n) 微(a) 矣(u)
LY1604,孔子曰 益者三友 損者三友 友直 友諒 友多聞 益矣 友便? 友善柔 友便? 損矣,孔子(nh) 曰(v) 益(n) 者(k) 三(m) 友(q) 損(n) 者(k) 三(m) 友(n) 友直(v) 友(n) 諒(v) 友(n) 多(a) 聞(v) 益(v) 矣(u) 友(n) 便(d) ?(wp) 友善(a) 柔(a) 友(n) 便(d) ?(wp) 損(v) 矣(u)
LY1605,孔子曰 益者三樂 損者三樂 樂節禮樂 樂道人之善 樂多賢友 益矣 樂驕樂 樂佚遊 樂晏樂 損矣,孔子(nh) 曰(v) 益(n) 者(k) 三(m) 樂(q) 損(n) 者(k) 三(m) 樂(q) 樂(n) 節(v) 禮(n) 樂(v) 樂(v) 道人(n) 之(u) 善(a) 樂(n) 多(a) 賢(v) 友(n) 益(v) 矣(u) 樂(v) 驕(n) 樂(v) 樂(n) 佚(v) 遊(v) 樂(n) 晏(v) 樂(n) 損(v) 矣(u)
LY1606,孔子曰 侍於君子有三愆 言未及之而言謂之躁 言及之而不言謂之隱 未見顔色而言謂之?,孔子(nh) 曰(v) 侍(v) 於(v) 君子(n) 有(v) 三(m) 愆(q) 言(n) 未及(v) 之(r) 而(c) 言(v) 謂(n) 之(u) 躁(a) 言(n) 及(c) 之(r) 而(c) 不(v) 言(v) 謂(n) 之(u) 隱(n) 未(d) 見(v) 顔色(n) 而(c) 言(v) 謂(n) 之(u) ?(wp)
LY1607,孔子曰 君子有三戒 少之時 血氣未定 戒之在色 及其壯也 血氣方剛 戒之在鬪 及其老也 血氣旣衰 戒之在得,孔子(nh) 曰(v) 君子(n) 有(v) 三(m) 戒(v) 少(a) 之(u) 時(n) 血(n) 氣(n) 未定(v) 戒(v) 之(u) 在(p) 色(n) 及(c) 其(r) 壯(n) 也(d) 血(n) 氣(n) 方(d) 剛(v) 戒(v) 之(u) 在(p) 鬪(n) 及(c) 其(r) 老(a) 也(u) 血(n) 氣(v) 旣衰(n) 戒(v) 之(u) 在(v) 得(u)
LY1608,孔子曰 君子有三畏 畏天命 畏大人 畏聖人之言 小人不知天命而不畏也 狎大人 侮聖人之言,孔子(nh) 曰(v) 君子(n) 有(v) 三(m) 畏(v) 畏天命(n) 畏(v) 大(a) 人(n) 畏(v) 聖(v) 人(n) 之(u) 言(n) 小人(n) 不(v) 知(v) 天命(n) 而(c) 不(v) 畏(v) 也(d) 狎(v) 大(a) 人(n) 侮(v) 聖(v) 人(n) 之(u) 言(n)
LY1609,孔子曰 生而知之者上也 學而知之者次也 困而學之 又其次也 困而不學 民斯爲下矣,孔子(nh) 曰(v) 生(v) 而(c) 知(v) 之(r) 者(n) 上(nd) 也(d) 學(v) 而(c) 知(v) 之(r) 者(n) 次(n) 也(d) 困(v) 而(c) 學(v) 之(u) 又(d) 其(r) 次(n) 也(d) 困(v) 而(c) 不(v) 學(v) 民(n) 斯(r) 爲(v) 下(v) 矣(u)
LY1610,孔子曰 君子有九思 視思明 聽思聰 色思溫 貌思恭 言思忠 事思敬 疑思問 忿思難 見得思義,孔子(nh) 曰(v) 君子(n) 有(v) 九(m) 思(v) 視(v) 思明(v) 聽(n) 思(v) 聰(v) 色(n) 思(v) 溫(v) 貌思恭(n) 言(v) 思忠(v) 事(n) 思敬(v) 疑(v) 思(v) 問(n) 忿(v) 思(v) 難(n) 見(v) 得(u) 思(v) 義(n)
LY1611,孔子曰 見善如不及 見不善如探湯 吾見其人矣 吾聞其語矣 隱居以求其志 行義以達其道 吾聞其語矣 未見其人也,孔子(nh) 曰(v) 見(a) 善(a) 如(v) 不(n) 及(c) 見(v) 不(n) 善(a) 如(v) 探(v) 湯(v) 吾(r) 見(v) 其(r) 人(n) 矣(u) 吾(r) 聞(v) 其(r) 語(n) 矣(u) 隱(v) 居(v) 以(c) 求(v) 其(r) 志(n) 行(v) 義(v) 以(p) 達(v) 其(r) 道(n) 吾(r) 聞(v) 其(r) 語(n) 矣(u) 未(d) 見(v) 其(r) 人(n) 也(d)
LY1612,齊景公有馬千駟 死之日 民無德而稱焉 伯夷叔齊餓于首陽之下 民到于今稱之 其斯之謂與,齊(v) 景公(n) 有(v) 馬(n) 千(m) 駟(q) 死(v) 之(u) 日(n) 民(n) 無(v) 德(n) 而(c) 稱(n) 焉(u) 伯夷叔(v) 齊(n) 餓(v) 于(p) 首(m) 陽(q) 之(u) 下(v) 民(n) 到(v) 于(p) 今(nt) 稱(nt) 之(u) 其(r) 斯(r) 之(u) 謂(n) 與(nh)
LY1613,陳亢問於伯魚曰 子亦有異聞乎 對曰 未也 嘗獨立 鯉趨而過庭 曰 學詩乎 對曰 未也 不學詩 無以言 鯉退而學詩 他日 又獨立 鯉趨而過庭 曰 學禮乎 對曰 未也 不學禮 無以立 鯉退而學禮 聞斯二者 陳亢退而喜曰 問一得三 聞詩聞禮 又聞君子之遠其子也,陳(nh) 亢(v) 問(v) 於(v) 伯(n) 魚(n) 曰(v) 子(n) 亦(d) 有(v) 異(v) 聞(n) 乎(u) 對(v) 曰(v) 未(d) 也(d) 嘗(v) 獨(v) 立(v) 鯉(n) 趨(n) 而(c) 過(v) 庭(n) 曰(v) 學(v) 詩(n) 乎(u) 對(v) 曰(v) 未(d) 也(d) 不(v) 學(n) 詩(v) 無(n) 以(p) 言(n) 鯉(n) 退(v) 而(c) 學(n) 詩(v) 他日(r) 又(d) 獨(v) 立(v) 鯉(n) 趨(n) 而(c) 過(v) 庭(n) 曰(v) 學(v) 禮(n) 乎(u) 對(v) 曰(v) 未(d) 也(d) 不(v) 學(n) 禮(v) 無(n) 以(p) 立(v) 鯉(n) 退(v) 而(c) 學(v) 禮(n) 聞(v) 斯(r) 二(m) 者(r) 陳(n) 亢(n) 退(v) 而(c) 喜(v) 曰(v) 問(n) 一(m) 得(v) 三(m) 聞(q) 詩(n) 聞(v) 禮(n) 又(d) 聞(v) 君子(n) 之(u) 遠(n) 其(r) 子(n) 也(nh)
LY1614,邦君之妻 君稱之曰夫人 夫人自稱曰小童 邦人稱之曰君夫人 稱諸異邦曰寡小君 異邦人稱之亦曰君夫人,邦君(nh) 之(u) 妻(n) 君(n) 稱(n) 之(u) 曰(v) 夫人(n) 夫人(n) 自(p) 稱(v) 曰(v) 小童(n) 邦人(n) 稱(n) 之(u) 曰(v) 君(n) 夫人(n) 稱(nh) 諸(v) 異(n) 邦(n) 曰(v) 寡小君(v) 異(n) 邦人(n) 稱(n) 之(u) 亦(d) 曰(v) 君(n) 夫人(n)
LY1701,陽貨欲見孔子 孔子不見 歸孔子豚 孔子時其亡也 而往拜之 遇諸塗 謂孔子曰 來 予與爾言 曰 懷其寶而迷其邦 可謂仁乎 曰 不可 好從事而?失時 可謂知乎 曰 不可 日月逝矣 歲不我與 孔子曰 諾 吾將仕矣,陽(v) 貨(n) 欲(d) 見孔子(v) 孔子(nh) 不(v) 見(n) 歸(v) 孔子(nh) 豚(n) 孔子(nh) 時(v) 其(r) 亡(v) 也(d) 而(c) 往(p) 拜(v) 之(u) 遇(v) 諸(n) 塗(v) 謂(n) 孔子(nh) 曰(v) 來(n) 予(v) 與(v) 爾(n) 言(v) 曰(v) 懷(v) 其(r) 寶(n) 而(c) 迷(v) 其(r) 邦(n) 可(v) 謂(v) 仁(n) 乎(u) 曰(v) 不(n) 可(v) 好(a) 從(v) 事(n) 而(c) ?(wp) 失(v) 時(n) 可(v) 謂(v) 知(v) 乎(u) 曰(v) 不(n) 可(v) 日月(n) 逝(v) 矣(u) 歲(n) 不(v) 我(r) 與(v) 孔子(nh) 曰(v) 諾(v) 吾(r) 將(v) 仕(v) 矣(u)
LY1702,子曰 性相近也 習相遠也,子(n) 曰(v) 性相近(n) 也(d) 習(v) 相(d) 遠(v) 也(d)
LY1703,子曰 唯上知與下愚不移,子(n) 曰(v) 唯(d) 上(nd) 知(v) 與(n) 下愚(v) 不(n) 移(v)
LY1704,子之武城 聞弦歌之聲 夫子莞爾而笑曰 割?焉用牛刀 子游對曰 昔者偃也聞諸夫子曰 君子學道則愛人 小人學道則易使也 子曰 二三者 偃之言是也 前言戱之耳,子(n) 之(u) 武城(n) 聞(v) 弦歌(n) 之(u) 聲(n) 夫子(n) 莞(v) 爾(n) 而(c) 笑(v) 曰(v) 割(v) ?(wp) 焉(u) 用(p) 牛刀(v) 子(n) 游(v) 對(v) 曰(v) 昔(nt) 者(k) 偃(n) 也(d) 聞(v) 諸(n) 夫子(n) 曰(v) 君子(n) 學(v) 道(n) 則(v) 愛(v) 人(n) 小人(n) 學(v) 道(n) 則(v) 易(a) 使(v) 也(d) 子(n) 曰(v) 二三(m) 者(k) 偃(v) 之(u) 言(n) 是(v) 也(d) 前言(v) 戱(v) 之(u) 耳(n)
LY1705,公山弗擾以費畔 召 子欲往 子路不說 曰 末之也已 何必公山氏之之也 子曰 夫召我者 而豈徒哉 如有用我者 吾其爲東周乎,公(b) 山(n) 弗(nh) 擾(v) 以(p) 費(n) 畔(n) 召(v) 子(n) 欲(d) 往(p) 子(n) 路(n) 不(n) 說(v) 曰(v) 末(nd) 之(r) 也(d) 已(d) 何(r) 必(d) 公(b) 山(n) 氏(n) 之(u) 之(n) 也(d) 子(n) 曰(v) 夫(n) 召我(n) 者(k) 而(c) 豈(v) 徒(n) 哉(u) 如(c) 有(v) 用(p) 我(r) 者(k) 吾(r) 其(r) 爲(v) 東(n) 周(nh) 乎(nh)
LY1706,子張問仁於孔子 孔子曰 能行五者於天下爲仁矣 請問之 曰 恭寬信敏惠 恭則不侮 寬則得衆 信則人任焉 敏則有功 惠則足以使人,子張(nh) 問(v) 仁(n) 於(v) 孔子(nh) 孔子(nh) 曰(v) 能行(v) 五(m) 者(k) 於(p) 天(n) 下(nd) 爲(v) 仁(n) 矣(u) 請(v) 問(n) 之(u) 曰(v) 恭(a) 寬(n) 信(n) 敏惠(a) 恭(a) 則(v) 不(n) 侮(v) 寬(n) 則(v) 得(u) 衆(v) 信(n) 則(v) 人(n) 任(v) 焉(u) 敏(a) 則(n) 有(v) 功(n) 惠(v) 則(n) 足(d) 以(p) 使人(n)
LY1707,佛?召 子欲往 子路曰 昔者由也聞諸夫子曰 親於其身爲不善者 君子不入也 佛?以中牟畔 子之往也 如之何 子曰 然 有是言也 不曰堅乎 磨而不? 不曰白乎 涅而不緇 吾豈匏瓜也哉 焉能繫而不食,佛(n) ?(wp) 召(v) 子(n) 欲(d) 往(p) 子路(ns) 曰(v) 昔(nt) 者(k) 由(p) 也(d) 聞(v) 諸(n) 夫子(n) 曰(v) 親(v) 於(v) 其(r) 身(n) 爲(v) 不(a) 善(a) 者(k) 君子(n) 不(v) 入(v) 也(u) 佛(n) ?(wp) 以(p) 中牟(n) 畔(n) 子(n) 之(u) 往(n) 也(d) 如(v) 之(u) 何(r) 子(n) 曰(v) 然(r) 有(v) 是(v) 言(n) 也(d) 不(v) 曰(v) 堅(v) 乎(u) 磨(v) 而(c) 不(v) ?(wp) 不(v) 曰(v) 白(a) 乎(u) 涅(v) 而(c) 不(v) 緇(v) 吾(r) 豈(v) 匏瓜(n) 也(d) 哉(u) 焉(r) 能(v) 繫(v) 而(c) 不(v) 食(v)
LY1708,子曰 由也 女聞六言六蔽矣乎 對曰 未也 居 吾語女 好仁不好學 其蔽也愚 好知不好學 其蔽也蕩 好信不好學 其蔽也賊 好直不好學 其蔽也絞 好勇不好學 其蔽也亂 好剛不好學 其蔽也狂,子(n) 曰(v) 由(p) 也(d) 女(b) 聞(n) 六(m) 言(v) 六(m) 蔽(v) 矣(u) 乎(u) 對(v) 曰(v) 未(d) 也(d) 居(v) 吾(r) 語(n) 女(b) 好仁(n) 不(v) 好(a) 學(v) 其(r) 蔽(v) 也(d) 愚(v) 好(a) 知(v) 不(n) 好(a) 學(v) 其(r) 蔽(v) 也(d) 蕩(v) 好(a) 信(n) 不(v) 好(a) 學(v) 其(r) 蔽(v) 也(d) 賊(v) 好(a) 直(d) 不(v) 好(a) 學(v) 其(r) 蔽(v) 也(d) 絞(v) 好勇(a) 不(v) 好(a) 學(v) 其(r) 蔽(v) 也(d) 亂(v) 好(a) 剛(n) 不(v) 好(a) 學(v) 其(r) 蔽(v) 也(d) 狂(a)
LY1709,子曰 小子何莫學夫詩 詩 可以興 可以觀 可以? 可以怨 邇之事父 遠之事君 多識於鳥獸草木之名,子(n) 曰(v) 小子(n) 何(r) 莫(d) 學(v) 夫(n) 詩(v) 詩(n) 可(v) 以(p) 興(n) 可(v) 以(p) 觀(n) 可(v) 以(p) ?(wp) 可(v) 以(p) 怨(v) 邇(v) 之(u) 事(n) 父(n) 遠(v) 之(u) 事(n) 君(n) 多(a) 識(n) 於(v) 鳥(n) 獸(v) 草木(n) 之(u) 名(n)
LY1710,子謂伯魚曰 女爲周南 召南矣乎 人而不爲周南 召南 其猶正牆面而立也與,子(n) 謂(v) 伯(n) 魚(nh) 曰(v) 女(b) 爲(v) 周(nh) 南(nd) 召(v) 南(nd) 矣(u) 乎(u) 人(n) 而(c) 不(v) 爲(v) 周(nh) 南(nd) 召(v) 南(nd) 其(r) 猶(n) 正(d) 牆(v) 面(n) 而(c) 立(v) 也(d) 與(i)
LY1711,子曰 禮云禮云 玉帛云乎哉 樂云樂云 鐘鼓云乎哉,子(n) 曰(v) 禮(n) 云(n) 禮(v) 云(n) 玉帛(n) 云(n) 乎(u) 哉(u) 樂(v) 云(n) 樂(v) 云(n) 鐘(n) 鼓(v) 云(n) 乎(u) 哉(u)
LY1712,子曰 色?而內荏 譬諸小人 其猶穿?之盜也與,子(n) 曰(v) 色(n) ?(wp) 而(c) 內(v) 荏(v) 譬(v) 諸(v) 小人(n) 其(r) 猶(n) 穿(v) ?(wp) 之(u) 盜(n) 也(d) 與(v)
LY1713,子曰 鄕愿 德之賊也,子(n) 曰(v) 鄕(n) 愿(v) 德(n) 之(u) 賊(n) 也(d)
LY1714,子曰 道聽而塗說 德之棄也,子(n) 曰(v) 道(n) 聽(n) 而(c) 塗(v) 說(v) 德(n) 之(u) 棄(n) 也(d)
LY1715,子曰 鄙夫可與事君也與哉 其未得之也 患得之 旣得之 患失之 苟患失之 無所不至矣,子(n) 曰(v) 鄙夫(n) 可(v) 與(v) 事君(n) 也(d) 與(v) 哉(u) 其(r) 未(d) 得(v) 之(r) 也(d) 患(v) 得(v) 之(u) 旣(v) 得(v) 之(u) 患(n) 失(v) 之(u) 苟患失(n) 之(u) 無(n) 所(u) 不(v) 至(v) 矣(u)
LY1716,子曰 古者民有三疾 今也或是之亡也 古之狂也肆 今之狂也蕩 古之矜也廉 今之矜也忿戾 古之愚也直 今之愚也詐而已矣,子(n) 曰(v) 古(a) 者(k) 民(n) 有(v) 三(m) 疾(q) 今(nt) 也(d) 或(c) 是(v) 之(u) 亡(v) 也(d) 古(a) 之(u) 狂(n) 也(d) 肆(v) 今(nt) 之(u) 狂(n) 也(d) 蕩(v) 古(a) 之(u) 矜(n) 也(d) 廉(a) 今(nt) 之(u) 矜(n) 也(d) 忿戾(v) 古(a) 之(u) 愚(n) 也(d) 直(v) 今(nt) 之(u) 愚(n) 也(d) 詐(v) 而(c) 已(d) 矣(u)
LY1717,子曰 巧言令色 鮮矣仁,子(n) 曰(v) 巧言令色(n) 鮮(n) 矣(u) 仁(nh)
LY1718,子曰 惡紫之奪朱也 惡鄭聲之亂雅樂也 惡利口之覆邦家者,子(n) 曰(v) 惡(n) 紫(a) 之(u) 奪(n) 朱(nh) 也(d) 惡(v) 鄭(v) 聲(n) 之(u) 亂(n) 雅(a) 樂(n) 也(d) 惡(v) 利口(n) 之(u) 覆邦家(n) 者(k)
LY1719,子曰 予欲無言 子貢曰 子如不言 則小子何述焉 子曰 天何言哉 四時行焉 百物生焉 天何言哉,子(n) 曰(v) 予(v) 欲(d) 無(v) 言(n) 子貢(n) 曰(v) 子(n) 如(v) 不(n) 言(v) 則(n) 小子(n) 何(r) 述(v) 焉(u) 子(n) 曰(v) 天(n) 何(r) 言(v) 哉(u) 四(m) 時(q) 行(n) 焉(u) 百物(n) 生(v) 焉(u) 天(n) 何(r) 言(v) 哉(u)
LY1720,孺悲欲見孔子 孔子辭以疾 將命者出戶 取瑟而歌 使之聞之,孺悲(nh) 欲(d) 見孔子(v) 孔子(nh) 辭(v) 以(p) 疾(n) 將(v) 命(n) 者(k) 出(v) 戶(n) 取(v) 瑟(n) 而(c) 歌(n) 使(v) 之(r) 聞(n) 之(u)
LY1721,宰我問 三年之喪 期已久矣 君子三年不爲禮 禮必壞 三年不爲樂 樂必崩 舊穀旣沒 新穀旣升 鑽燧改火 期可已矣 子曰 食夫稻 衣夫錦 於女安乎 曰 安 女安則爲之 夫君子之居喪 食旨不甘 聞樂不樂 居處不安 故不爲也 今女安則爲之 宰我出 子曰 予之不仁也 子生三年 然後免於父母之懷 夫三年之喪 天下之通喪也 予也有三年之愛於其父母乎,宰我(r) 問(v) 三年(nt) 之(u) 喪(n) 期(n) 已(d) 久(a) 矣(u) 君子(n) 三年(nt) 不(v) 爲(v) 禮(v) 禮(n) 必(d) 壞(v) 三年(nt) 不(v) 爲(v) 樂(v) 樂(n) 必(d) 崩(v) 舊(v) 穀(n) 旣(v) 沒(v) 新(a) 穀(n) 旣(n) 升(v) 鑽(v) 燧改火(v) 期(n) 可(v) 已(d) 矣(u) 子(n) 曰(v) 食(v) 夫(n) 稻(n) 衣(n) 夫(n) 錦(v) 於(n) 女(b) 安(v) 乎(u) 曰(v) 安(a) 女(b) 安(j) 則(v) 爲(v) 之(u) 夫(n) 君子(n) 之(u) 居(v) 喪(n) 食(v) 旨(n) 不(v) 甘(a) 聞(v) 樂(n) 不(v) 樂(n) 居(v) 處(n) 不(d) 安(v) 故(n) 不(v) 爲(v) 也(d) 今(nt) 女(b) 安(nh) 則(v) 爲(v) 之(u) 宰我(n) 出(v) 子(n) 曰(v) 予(v) 之(u) 不(n) 仁(n) 也(d) 子(n) 生(v) 三年(nt) 然後(c) 免(v) 於(v) 父母(n) 之(u) 懷(n) 夫(n) 三年(nt) 之(u) 喪(v) 天下(n) 之(u) 通(v) 喪(n) 也(d) 予(v) 也(d) 有(v) 三年(nt) 之(u) 愛(n) 於(v) 其(r) 父母(n) 乎(u)
LY1722,子曰 飽食終日 無所用心 難矣哉 不有博奕者乎 爲之猶賢乎已,子(n) 曰(v) 飽(n) 食(v) 終(j) 日(j) 無(n) 所(u) 用(v) 心(n) 難(v) 矣(u) 哉(u) 不(n) 有(v) 博奕(n) 者(k) 乎(u) 爲(v) 之(u) 猶(n) 賢(v) 乎(u) 已(d)
LY1723,子路曰 君子尙勇乎 子曰 君子義以爲上 君子有勇而無義爲亂 小人有勇而無義爲盜,子路(nh) 曰(v) 君子(n) 尙(v) 勇(a) 乎(u) 子(n) 曰(v) 君子(n) 義(v) 以(p) 爲(v) 上(nd) 君子(n) 有(v) 勇(a) 而(c) 無(v) 義(n) 爲(v) 亂(n) 小人(n) 有(v) 勇(a) 而(c) 無(v) 義(n) 爲(v) 盜(n)
LY1724,子貢曰 君子亦有惡乎 子曰 有惡 惡稱人之惡者 惡居下流而?上者 惡勇而無禮者 惡果敢而窒者 曰 賜也亦有惡乎 惡?以爲知者 惡不孫以爲勇者 惡?以爲直者,子貢(nh) 曰(v) 君子(n) 亦(d) 有(v) 惡(n) 乎(u) 子(n) 曰(v) 有(v) 惡(n) 惡(n) 稱(v) 人(n) 之(u) 惡(n) 者(k) 惡(d) 居(v) 下流(nl) 而(c) ?(wp) 上(nd) 者(k) 惡(a) 勇(a) 而(c) 無(v) 禮(n) 者(k) 惡(a) 果敢(a) 而(c) 窒(v) 者(r) 曰(v) 賜(n) 也(d) 亦(d) 有(v) 惡(n) 乎(u) 惡(n) ?(wp) 以(p) 爲(v) 知(v) 者(k) 惡(d) 不(v) 孫(n) 以(p) 爲(v) 勇(a) 者(k) 惡(n) ?(wp) 以(p) 爲(v) 直(a) 者(k)
LY1725,子曰 唯女子與小人爲難養也 近之則不孫 遠之則怨,子(n) 曰(v) 唯(d) 女子(n) 與(v) 小人(n) 爲(v) 難(n) 養(n) 也(d) 近(a) 之(u) 則(n) 不(n) 孫(v) 遠(n) 之(u) 則(n) 怨(v)
LY1726,子曰 年四十而見惡焉 其終也已,子(n) 曰(v) 年(q) 四十(m) 而(c) 見(n) 惡(v) 焉(r) 其(r) 終(n) 也(d) 已(d)
LY1801,微子去之 箕子爲之奴 比干諫而死 孔子曰 殷有三仁焉,微子(n) 去(v) 之(u) 箕子(n) 爲(v) 之(u) 奴(n) 比干(v) 諫(v) 而(c) 死(v) 孔子(nh) 曰(v) 殷(nh) 有(v) 三(m) 仁(n) 焉(u)
LY1802,柳下惠爲士師 三黜 人曰 子未可以去乎 曰 直道而事人 焉往而不三黜 枉道而事人 何必去父母之邦,柳下惠(nh) 爲(v) 士(n) 師(v) 三(m) 黜(q) 人(n) 曰(v) 子(n) 未(d) 可(v) 以(p) 去(v) 乎(u) 曰(v) 直道(n) 而(c) 事(n) 人(n) 焉(u) 往(v) 而(c) 不(v) 三(m) 黜(q) 枉道(n) 而(c) 事(n) 人(n) 何(r) 必(d) 去(v) 父母(n) 之(u) 邦(n)
LY1803,齊景公待孔子曰 若季氏 則吾不能 以季孟之間待之 曰 吾老矣 不能用也 孔子行,齊(v) 景公(n) 待(v) 孔子(nh) 曰(v) 若(c) 季氏(v) 則吾(n) 不(v) 能(v) 以(p) 季孟(nh) 之(u) 間(n) 待(v) 之(u) 曰(v) 吾(r) 老(a) 矣(u) 不(n) 能用(v) 也(d) 孔子(nh) 行(v)
LY1804,齊人歸女樂 季桓子受之 三日不朝 孔子行,齊(v) 人(n) 歸(v) 女(b) 樂(n) 季桓子(n) 受(v) 之(u) 三日(nt) 不(n) 朝(p) 孔子(nh) 行(v)
LY1805,楚狂接輿歌而過孔子曰 鳳兮鳳兮 何德之衰 往者不可諫 來者猶可追 已而已而 今之從政者殆而 孔子下 欲與之言 趨而?之 不得與之言,楚狂(nh) 接(v) 輿(v) 歌(n) 而(c) 過孔(v) 子(n) 曰(v) 鳳(n) 兮(u) 鳳(n) 兮(u) 何(r) 德(n) 之(u) 衰(a) 往(p) 者(r) 不(n) 可(v) 諫(v) 來(n) 者(k) 猶(n) 可(v) 追(v) 已(d) 而(c) 已(d) 而(c) 今(nt) 之(u) 從(v) 政(n) 者(k) 殆(a) 而(c) 孔子(nh) 下(v) 欲與(n) 之(u) 言(n) 趨(n) 而(c) ?(wp) 之(u) 不(n) 得(u) 與(a) 之(u) 言(n)
LY1806,長沮桀溺?而耕 孔子過之 使子路問津焉 長沮曰 夫執輿者爲誰 子路曰 爲孔丘 曰 是魯孔丘與 曰 是也 曰 是知津矣 問於桀溺 桀溺曰 子爲誰 曰 爲仲由 曰 是魯孔丘之徒與 對曰 然 曰 滔滔者天下皆是也 而誰以易之 且而與其從?人之士也 豈若從?世之士哉 ?而不輟 子路行以告 夫子憮然曰 鳥獸不可與同? 吾非斯人之徒與而誰與 天下有道 丘不與易也,長(v) 沮桀溺(n) ?(wp) 而(c) 耕(v) 孔子(nh) 過(v) 之(u) 使(v) 子路(n) 問(v) 津(j) 焉(u) 長(n) 沮(v) 曰(v) 夫(n) 執(v) 輿(n) 者(k) 爲(v) 誰(n) 子路(n) 曰(v) 爲(v) 孔丘(n) 曰(v) 是(v) 魯(n) 孔丘(nh) 與(v) 曰(v) 是(v) 也(d) 曰(v) 是(v) 知(v) 津(j) 矣(u) 問(v) 於(v) 桀溺(n) 桀溺(v) 曰(v) 子(n) 爲(v) 誰(n) 曰(v) 爲(v) 仲由(n) 曰(v) 是(v) 魯(n) 孔丘(nh) 之(u) 徒(n) 與(n) 對(v) 曰(v) 然(r) 曰(v) 滔滔(z) 者(k) 天下(n) 皆(d) 是(v) 也(d) 而(c) 誰(v) 以(p) 易(a) 之(u) 且(n) 而(c) 與(v) 其(r) 從(n) ?(wp) 人(n) 之(u) 士(n) 也(d) 豈(a) 若(v) 從(n) ?(wp) 世(n) 之(u) 士(n) 哉(u) ?(wp) 而(c) 不(n) 輟(v) 子(n) 路行(n) 以(p) 告(v) 夫子(n) 憮(v) 然(r) 曰(v) 鳥(v) 獸(n) 不(n) 可(v) 與(v) 同(p) ?(wp) 吾(r) 非(h) 斯人(n) 之(u) 徒(n) 與(n) 而(c) 誰(v) 與(v) 天下(n) 有(v) 道(n) 丘(n) 不(v) 與(v) 易(a) 也(d)
LY1807,子路從而後 遇丈人 以杖荷? 子路問曰 子見夫子乎 丈人曰 四體不勤 五穀不分 孰爲夫子 植其杖而芸 子路拱而立 止子路宿 殺?爲黍而食之 見其二子焉 明日 子路行以告 子曰 隱者也 使子路反見之 至則行矣 子路曰 不仕無義 長幼之節 不可廢也 君臣之義 如之何其廢之 欲?其身 而亂大倫 君子之仕也 行其義也 道之不行 已知之矣,子路(nh) 從(v) 而(c) 後(v) 遇(v) 丈人(n) 以(p) 杖(n) 荷(n) ?(wp) 子路(n) 問(n) 曰(v) 子(n) 見(v) 夫子(n) 乎(u) 丈人(n) 曰(v) 四體(n) 不(n) 勤(a) 五穀(v) 不(v) 分(v) 孰(r) 爲(v) 夫子(n) 植(v) 其(r) 杖(n) 而(c) 芸(v) 子路(n) 拱(v) 而(c) 立(v) 止(v) 子路(n) 宿(v) 殺(n) ?(wp) 爲(v) 黍(n) 而(c) 食(v) 之(r) 見(v) 其(r) 二子(n) 焉(u) 明日(nt) 子(n) 路行(n) 以(p) 告(v) 子(n) 曰(v) 隱(n) 者(k) 也(d) 使(v) 子路(n) 反(v) 見(n) 之(u) 至(p) 則(n) 行(v) 矣(u) 子路(n) 曰(v) 不(v) 仕(n) 無(v) 義(v) 長(n) 幼(a) 之(u) 節(n) 不(n) 可(v) 廢(v) 也(u) 君臣(n) 之(u) 義(n) 如(v) 之(u) 何(r) 其(r) 廢(n) 之(u) 欲(n) ?(wp) 其(r) 身(n) 而(c) 亂(v) 大(a) 倫(v) 君子(n) 之(u) 仕(n) 也(d) 行(v) 其(r) 義(n) 也(d) 道(v) 之(u) 不(n) 行(n) 已(d) 知(v) 之(u) 矣(u)
LY1808,逸民 伯夷 叔齊　虞仲　夷逸　朱張　柳下惠　少連 子曰 不降其志 不辱其身 伯夷　叔齊與 謂柳下惠少連 降志辱身矣 言中倫 行中慮 其斯而已矣 謂虞仲夷逸 隱居放言 身中淸 廢中權 我則異於是 無可無不可,逸民(n) 伯夷(ns) 叔(n) 齊(n) 虞仲(nh) 夷(v) 逸(a) 朱(nh) 張(n) 柳下惠(nh) 少(a) 連(v) 子(n) 曰(v) 不(n) 降(v) 其(r) 志(n) 不(v) 辱(v) 其(r) 身(n) 伯夷(v) 叔(n) 齊(n) 與(v) 謂(n) 柳下惠(nh) 少(a) 連(v) 降志辱身(v) 矣(u) 言(n) 中(nd) 倫(v) 行(n) 中(nd) 慮(v) 其(r) 斯(r) 而(c) 已(d) 矣(u) 謂(v) 虞仲(n) 夷(a) 逸(a) 隱(n) 居(v) 放(v) 言(n) 身(n) 中(nd) 淸(v) 廢(n) 中(nd) 權(v) 我(r) 則(v) 異(v) 於(n) 是(v) 無(v) 可(v) 無(v) 不(n) 可(v)
LY1809,大師摯適齊 亞飯干適楚 三飯?適蔡 四飯缺適秦 鼓方叔入於河 播?武入於漢 少師陽　擊磬襄 入於海,大(a) 師(n) 摯(n) 適(v) 齊(v) 亞(n) 飯(n) 干(v) 適楚(v) 三(m) 飯(q) ?(wp) 適(v) 蔡(nh) 四(m) 飯(n) 缺(v) 適(n) 秦(v) 鼓(n) 方(d) 叔(n) 入(v) 於(v) 河(n) 播(v) ?(wp) 武(nh) 入(v) 於(n) 漢(n) 少(a) 師(v) 陽(n) 擊(v) 磬(n) 襄(v) 入(v) 於(n) 海(n)
LY1810,周公謂魯公曰 君子不施其親 不使大臣怨乎不以 故舊無大故 則不棄也 無求備於一人,周公(nh) 謂(v) 魯(n) 公(n) 曰(v) 君子(n) 不(v) 施(v) 其(r) 親(n) 不(v) 使(v) 大臣(n) 怨(v) 乎(u) 不(v) 以(p) 故舊(n) 無(v) 大(a) 故(c) 則(v) 不(n) 棄(n) 也(d) 無(v) 求(v) 備(v) 於(n) 一人(i)
LY1811,周有八士 伯達　伯适　仲突　仲忽　叔夜　叔夏　季隨　季?,周(nh) 有(v) 八(m) 士(n) 伯(n) 達(v) 伯(n) 适(a) 仲(n) 突(d) 仲(v) 忽(d) 叔夜(v) 叔夏(n) 季(n) 隨(v) 季(n) ?(wp)
LY1901,子張曰 士見危致命 見得思義 祭思敬 喪思哀 其可已矣,子張(nh) 曰(v) 士(n) 見(n) 危(a) 致命(v) 見(v) 得(u) 思(v) 義(n) 祭(v) 思敬(v) 喪(n) 思(v) 哀(v) 其(r) 可(v) 已(d) 矣(u)
LY1902,子張曰 執德不弘 信道不篤 焉能爲有 焉能爲亡,子張(nh) 曰(v) 執(j) 德(j) 不(j) 弘(j) 信道(n) 不(n) 篤(v) 焉(r) 能(v) 爲(v) 有(v) 焉(r) 能(v) 爲(v) 亡(v)
LY1903,子夏之門人問交於子張 子張曰 子夏云何 對曰 子夏曰 可者與之 其不可者拒之 子張曰 異乎吾所聞 君子尊賢而容衆 嘉善而矜不能 我之大賢與 於人何所不容 我之不賢與 人將拒我 如之何其拒人也,子(n) 夏(nt) 之(u) 門(n) 人(n) 問(v) 交(v) 於(v) 子張(n) 子張(n) 曰(v) 子(n) 夏云(v) 何(r) 對(n) 曰(v) 子(n) 夏(nt) 曰(v) 可(v) 者(r) 與(a) 之(u) 其(r) 不(n) 可(v) 者(r) 拒(v) 之(r) 子張(n) 曰(v) 異(v) 乎(u) 吾(r) 所(u) 聞(v) 君子(n) 尊(v) 賢(n) 而(c) 容(v) 衆(n) 嘉善(a) 而(c) 矜(v) 不(n) 能(v) 我(r) 之(u) 大(a) 賢(n) 與(v) 於(v) 人(n) 何(r) 所(u) 不(v) 容(v) 我(r) 之(u) 不(n) 賢(n) 與(v) 人(n) 將(v) 拒我(v) 如(v) 之(u) 何(r) 其(r) 拒(v) 人(n) 也(d)
LY1904,子夏曰 雖小道 必有可觀者焉 致遠恐泥 是以君子不爲也,子(n) 夏(nt) 曰(v) 雖(n) 小(a) 道(n) 必(d) 有(v) 可(v) 觀(n) 者(k) 焉(u) 致(v) 遠(n) 恐(v) 泥(n) 是(v) 以(p) 君子(n) 不(v) 爲(v) 也(d)
LY1905,子夏曰 日知其所亡 月無忘其所能 可謂好學也已矣,子(n) 夏(nt) 曰(v) 日(n) 知(v) 其(r) 所(u) 亡(v) 月(n) 無(v) 忘(v) 其(r) 所(u) 能(v) 可(v) 謂(v) 好(a) 學(n) 也(d) 已(d) 矣(u)
LY1906,子夏曰 博學而篤志 切問而近思 仁在其中矣,子(n) 夏(nt) 曰(v) 博(a) 學(n) 而(c) 篤(v) 志(n) 切(v) 問(v) 而(c) 近(a) 思(v) 仁(nh) 在(p) 其(r) 中(nd) 矣(u)
LY1907,子夏曰 百工居肆以成其事 君子學以致其道,子(n) 夏(nt) 曰(v) 百工(n) 居(v) 肆(d) 以(p) 成(v) 其(r) 事(n) 君子(n) 學(v) 以(p) 致(v) 其(r) 道(n)
LY1908,子夏曰 小人之過也必文,子(n) 夏(nt) 曰(v) 小人(n) 之(u) 過(n) 也(d) 必(d) 文(v)
LY1909,子夏曰 君子有三變 望之儼然 卽之也溫 聽其言也?,子(n) 夏(nt) 曰(v) 君子(n) 有(v) 三(m) 變(q) 望(v) 之(u) 儼(n) 然(c) 卽(v) 之(u) 也(d) 溫(v) 聽(v) 其(r) 言(n) 也(d) ?(wp)
LY1910,子夏曰 君子信而後勞其民 未信 則以爲?己也 信而後諫 未信 則以爲謗己也,子(n) 夏(nt) 曰(v) 君子(n) 信(n) 而(c) 後(v) 勞(v) 其(r) 民(n) 未(d) 信(v) 則(v) 以(p) 爲(n) ?(wp) 己(r) 也(d) 信(v) 而(c) 後(v) 諫(n) 未(d) 信(v) 則(v) 以(p) 爲(v) 謗(v) 己(r) 也(d)
LY1911,子夏曰 大德不踰閑 小德出入可也,子(n) 夏(nt) 曰(v) 大(a) 德(n) 不(v) 踰(n) 閑(v) 小(a) 德(n) 出入(v) 可(n) 也(d)
LY1912,子游曰 子夏之門人小子 當?掃應對進退 則可矣 抑末也 本之則無如之何 子夏聞之 曰 噫 言游過矣 君子之道 孰先傳焉 孰後倦焉 譬諸草木 區以別矣 君子之道 焉可誣也 有始有卒者 其唯聖人乎,子(n) 游(v) 曰(v) 子(n) 夏(nt) 之(u) 門(n) 人(n) 小(a) 子(n) 當(n) ?(wp) 掃(v) 應(n) 對(n) 進(n) 退(v) 則(n) 可(v) 矣(u) 抑末(nt) 也(d) 本(d) 之(u) 則(n) 無(v) 如(v) 之(u) 何(r) 子(n) 夏(nt) 聞(n) 之(u) 曰(v) 噫(v) 言(n) 游(v) 過(v) 矣(u) 君子(n) 之(u) 道(n) 孰(r) 先(d) 傳(v) 焉(u) 孰(r) 後(v) 倦(a) 焉(u) 譬(v) 諸(n) 草木(n) 區(n) 以(p) 別(v) 矣(u) 君子(n) 之(u) 道(n) 焉(u) 可(v) 誣(v) 也(d) 有(v) 始(v) 有(v) 卒(n) 者(k) 其(r) 唯(d) 聖(v) 人(n) 乎(u)
LY1913,子夏曰 仕而優則學 學而優則仕,子(n) 夏(nt) 曰(v) 仕(n) 而(c) 優(v) 則(n) 學(v) 學(n) 而(c) 優(v) 則(v) 仕(n)
LY1914,子游曰 喪致乎哀而止,子(n) 游(v) 曰(v) 喪(v) 致(v) 乎(u) 哀(a) 而(c) 止(v)
LY1915,子游曰 吾友張也爲難能也 然而未仁,子(n) 游(v) 曰(v) 吾友(n) 張(n) 也(d) 爲(v) 難(n) 能(v) 也(d) 然(r) 而(c) 未(d) 仁(nh)
LY1916,曾子曰 堂堂乎張也 難與?爲仁矣,曾子(nh) 曰(v) 堂堂(z) 乎(u) 張(n) 也(d) 難(v) 與(n) ?(wp) 爲(v) 仁(n) 矣(u)
LY1917,曾子曰 吾聞諸夫子 人未有自致者也 必也親喪乎,曾子(nh) 曰(v) 吾(r) 聞(n) 諸(v) 夫子(n) 人(n) 未(d) 有(v) 自(r) 致(v) 者(r) 也(d) 必(d) 也(d) 親(v) 喪(v) 乎(u)
LY1918,曾子曰 吾聞諸夫子 孟莊子之孝也 其他可能也 其不改父之臣與父之政 是難能也,曾子(nh) 曰(v) 吾(r) 聞(n) 諸(n) 夫子(n) 孟(nh) 莊(v) 子(n) 之(u) 孝(n) 也(d) 其(r) 他(r) 可(v) 能(v) 也(d) 其(r) 不(n) 改(v) 父(n) 之(u) 臣(n) 與(v) 父(n) 之(u) 政(n) 是(v) 難(n) 能(v) 也(d)
LY1919,孟氏使陽膚爲士師 問於曾子 曾子曰 上失其道 民散久矣 如得其情 則哀矜而勿喜,孟氏(nh) 使(v) 陽(n) 膚(n) 爲(v) 士(n) 師(v) 問(v) 於(v) 曾子(nh) 曾子(nh) 曰(v) 上(nd) 失(v) 其(r) 道(n) 民(n) 散(v) 久(a) 矣(u) 如(v) 得(v) 其(r) 情(n) 則(v) 哀矜(a) 而(c) 勿(d) 喜(v)
LY1920,子貢曰 紂之不善 不如是之甚也 是以君子惡居下流 天下之惡皆歸焉,子貢(nh) 曰(v) 紂(n) 之(u) 不(n) 善(a) 不(v) 如是(n) 之(u) 甚(d) 也(d) 是(v) 以(p) 君子(n) 惡(v) 居(v) 下流(v) 天下(n) 之(u) 惡(n) 皆(d) 歸(v) 焉(u)
LY1921,子貢曰 君子之過也 如日月之食焉 過也 人皆見之 更也 人皆仰之,子貢(nh) 曰(v) 君子(n) 之(u) 過(n) 也(d) 如(v) 日月(n) 之(u) 食(n) 焉(u) 過(n) 也(d) 人(n) 皆(d) 見(v) 之(u) 更(n) 也(d) 人(n) 皆(d) 仰(v) 之(u)
LY1922,衛公孫朝問於子貢曰 仲尼焉學 子貢曰 文武之道 未墜於地 在人 賢者識其大者 不賢者識其小者 莫不有文武之道焉 夫子焉不學 而亦何常師之有,衛(v) 公(n) 孫(v) 朝(j) 問(v) 於(n) 子貢(v) 曰(v) 仲尼(nh) 焉(u) 學(n) 子貢(v) 曰(v) 文武(n) 之(u) 道(n) 未(d) 墜(v) 於(v) 地(u) 在(p) 人(n) 賢(v) 者(k) 識(v) 其(r) 大(a) 者(k) 不(a) 賢(n) 者(k) 識(v) 其(r) 小(a) 者(k) 莫(d) 不(v) 有(v) 文武(n) 之(u) 道(n) 焉(u) 夫子(n) 焉(u) 不(v) 學(n) 而(c) 亦(d) 何(r) 常(d) 師(v) 之(u) 有(v)
LY1923,叔孫武叔語大夫於朝曰 子貢賢於仲尼 子服景伯以告子貢 子貢曰 譬之宮牆 賜之牆也及肩 ?見室家之好 夫子之牆數? 不得其門而入 不見宗廟之美 百官之富 得其門者或寡矣 夫子之云 不亦宜乎,叔(n) 孫(n) 武(nh) 叔(n) 語(v) 大夫(n) 於(n) 朝(v) 曰(v) 子貢(n) 賢(v) 於(n) 仲尼(nh) 子(n) 服(v) 景伯(n) 以(p) 告(v) 子貢(n) 子貢(v) 曰(v) 譬(v) 之(u) 宮(n) 牆(v) 賜(n) 之(u) 牆(n) 也(d) 及(v) 肩(n) ?(wp) 見(v) 室家(n) 之(u) 好(a) 夫子(n) 之(u) 牆(n) 數(n) ?(wp) 不(v) 得(v) 其(r) 門(n) 而(c) 入(v) 不(n) 見(m) 宗(q) 廟(n) 之(u) 美(n) 百官(n) 之(u) 富(a) 得(v) 其(r) 門(n) 者(k) 或(c) 寡(a) 矣(u) 夫子(n) 之(u) 云(n) 不(n) 亦(d) 宜(v) 乎(u)
LY1924,叔孫武叔毁仲尼 子貢曰 無以爲也 仲尼不可毁也 他人之賢者 丘陵也 猶可踰也 仲尼 日月也 無得而踰焉 人雖欲自絶 其何傷於日月乎 多見其不知量也,叔(n) 孫(n) 武(nh) 叔(n) 毁(v) 仲尼(nh) 子貢(v) 曰(v) 無(n) 以(p) 爲(v) 也(d) 仲尼(v) 不(n) 可(v) 毁(v) 也(u) 他人(r) 之(u) 賢(n) 者(k) 丘陵(n) 也(d) 猶(v) 可(v) 踰(v) 也(d) 仲尼(v) 日月(n) 也(d) 無(v) 得(v) 而(c) 踰(v) 焉(r) 人(n) 雖(n) 欲自(d) 絶(v) 其(r) 何(r) 傷(v) 於(v) 日月(n) 乎(u) 多(a) 見(v) 其(r) 不(n) 知(v) 量(n) 也(d)
LY1925,陳子禽謂子貢曰 子爲恭也 仲尼豈賢於子乎 子貢曰 君子一言以爲知 一言以爲不知 言不可不愼也 夫子之不可及也 猶天之不可階而升也 夫子之得邦家者 所謂立之斯立 道之斯行 綏之斯來 動之斯和 其生也榮 其死也哀 如之何其可及也,陳(v) 子(n) 禽(n) 謂(n) 子貢(n) 曰(v) 子(n) 爲(v) 恭(n) 也(d) 仲尼(nh) 豈(v) 賢(n) 於(v) 子(n) 乎(u) 子貢(n) 曰(v) 君子(n) 一(m) 言(n) 以(p) 爲(v) 知(v) 一(m) 言(n) 以(p) 爲(v) 不(n) 知(v) 言(n) 不(n) 可(v) 不(v) 愼(n) 也(u) 夫子(n) 之(u) 不(n) 可(v) 及(c) 也(d) 猶(v) 天(n) 之(u) 不(n) 可(v) 階(v) 而(c) 升(v) 也(u) 夫子(n) 之(u) 得(v) 邦家(n) 者(k) 所(u) 謂(v) 立(v) 之(u) 斯(n) 立(v) 道(n) 之(u) 斯(n) 行(v) 綏(n) 之(u) 斯(r) 來(v) 動(n) 之(u) 斯(n) 和(c) 其(r) 生(v) 也(d) 榮(v) 其(r) 死(v) 也(d) 哀(a) 如(v) 之(u) 何(r) 其(r) 可(v) 及(c) 也(d)
LY2001,堯曰 咨 爾舜 天之?數在爾躬 允執其中 四海困窮 天祿永終 舜亦以命禹 曰 予小子履敢用玄牡 敢昭告于皇皇后帝 有罪不敢赦 帝臣不蔽 簡在帝心 朕躬有罪 無以萬方 萬方有罪 罪在朕躬 周有大賚 善人是富 雖有周親 不如仁人 百姓有過 在予一人 謹權量 審法度 脩廢官 四方之政行焉 興滅國 繼絶世 擧逸民 天下之民歸心焉 所重 民食喪祭 寬則得重 信則民任焉 敏則有功 公則說,堯(nh) 曰(v) 咨(v) 爾(n) 舜(v) 天(n) 之(u) ?(wp) 數(n) 在(p) 爾(n) 躬(v) 允(v) 執(v) 其(r) 中(nd) 四海(n) 困(v) 窮(v) 天(n) 祿(v) 永(d) 終(v) 舜(n) 亦(d) 以(p) 命(n) 禹(v) 曰(v) 予小子(n) 履(v) 敢用玄牡(v) 敢昭告(v) 于(p) 皇(n) 皇后(n) 帝(n) 有(v) 罪(n) 不(n) 敢(v) 赦(v) 帝(n) 臣(n) 不(n) 蔽(v) 簡(n) 在(p) 帝(n) 心(n) 朕躬(v) 有(v) 罪(n) 無(n) 以(p) 萬(n) 方(d) 萬(v) 方(n) 有(v) 罪(n) 罪(n) 在(p) 朕躬(v) 周(nh) 有(v) 大(a) 賚(n) 善人(n) 是(v) 富(a) 雖(n) 有(v) 周(nh) 親(v) 不(n) 如(v) 仁人(n) 百姓(n) 有(v) 過(n) 在(p) 予一人(n) 謹(v) 權(n) 量(n) 審(v) 法度(n) 脩(v) 廢(v) 官(n) 四方(n) 之(u) 政(n) 行(n) 焉(u) 興(v) 滅(n) 國(v) 繼(n) 絶(v) 世(n) 擧(v) 逸民(v) 天下(n) 之(u) 民(n) 歸(v) 心(n) 焉(u) 所(u) 重(v) 民(n) 食(v) 喪(n) 祭(v) 寬(n) 則(v) 得(u) 重(a) 信(n) 則(v) 民(n) 任(v) 焉(r) 敏(a) 則(n) 有(v) 功(n) 公(b) 則(n) 說(nh)
LY2002,子張問於孔子曰 何如斯可以從政矣 子曰 尊五美 屛四惡 斯可以從政矣 子張曰 何謂五美 子曰 君子惠而不費 勞而不怨 欲而不貪 泰而不驕 威而不猛 子張曰 何謂惠而不費 子曰 因民之所利而利之 斯不亦惠而不費乎 擇可勞而勞之 又誰怨 欲仁而得仁 又焉貪 君子無衆寡 無小大 無敢慢 斯不亦泰而不驕乎 君子正其衣冠 尊其瞻視 儼然人望而畏之 斯不亦威而不猛乎 子張曰 何謂四惡 子曰 不敎而殺謂之虐 不戒視成謂之暴 慢令致期謂之賊 猶之與人也 出納之吝謂之有司,子張(nh) 問(v) 於(n) 孔子(nh) 曰(v) 何(r) 如(v) 斯(r) 可(v) 以(p) 從(v) 政(n) 矣(u) 子(n) 曰(v) 尊五美(n) 屛(n) 四(m) 惡(q) 斯(r) 可(v) 以(p) 從(v) 政(n) 矣(u) 子張(n) 曰(v) 何(r) 謂(n) 五(m) 美(q) 子(n) 曰(v) 君子(n) 惠(v) 而(c) 不(v) 費(v) 勞(n) 而(c) 不(v) 怨(v) 欲(v) 而(c) 不(v) 貪(v) 泰(j) 而(c) 不(v) 驕(v) 威(n) 而(c) 不(v) 猛(a) 子張(n) 曰(v) 何(r) 謂(n) 惠(v) 而(c) 不(n) 費(v) 子(n) 曰(v) 因(p) 民(n) 之(u) 所(u) 利(n) 而(c) 利(n) 之(u) 斯(r) 不(n) 亦(d) 惠(v) 而(c) 不(v) 費(v) 乎(u) 擇(n) 可(v) 勞(v) 而(c) 勞(v) 之(u) 又(d) 誰(v) 怨(v) 欲(v) 仁(n) 而(c) 得(v) 仁(n) 又(d) 焉(u) 貪(v) 君子(n) 無(v) 衆(n) 寡(a) 無(v) 小大(j) 無(v) 敢(v) 慢(a) 斯(r) 不(n) 亦(d) 泰(j) 而(c) 不(v) 驕(v) 乎(u) 君子(n) 正(v) 其(r) 衣冠(n) 尊(v) 其(r) 瞻(v) 視(n) 儼(v) 然(r) 人(n) 望(v) 而(c) 畏(v) 之(u) 斯(r) 不(n) 亦(d) 威(a) 而(c) 不(v) 猛(a) 乎(u) 子張(v) 曰(v) 何(r) 謂(n) 四(m) 惡(q) 子(n) 曰(v) 不(n) 敎(n) 而(c) 殺(v) 謂(n) 之(u) 虐(v) 不(n) 戒(v) 視(v) 成(v) 謂(n) 之(u) 暴(n) 慢令致期(v) 謂(n) 之(u) 賊(n) 猶(n) 之(u) 與(n) 人(n) 也(d) 出(v) 納(n) 之(u) 吝(n) 謂(n) 之(u) 有(v) 司(n)
LY2003,孔子曰 不知命 無以爲君子也 不知禮 無以立也 不知言 無以知人也,孔子(nh) 曰(v) 不(n) 知(v) 命(n) 無(v) 以(p) 爲(v) 君子(n) 也(d) 不(v) 知(v) 禮(v) 無(n) 以(p) 立(v) 也(d) 不(v) 知(v) 言(n) 無(d) 以(p) 知(v) 人(n) 也(d)
,,
,,
,,
,,
,,
,,
,,
,,
,,
,,
,,
,,
,,
,,
,,
,,
,,
,,
,,
,,
,,
,,
,,
,,
,,
,,
,,
,,
,,
,,
,,
,,
,,
,,
,,
,,
,,
,,
,,
,,
,,
,,
,,
,,
,,
,,
,,
,,
,,
,,
,,
,,
,,
,,
,,
,,
,,
,,
,,
,,
,,
,,
,,
,,
,,
,,
,,
,,
,,
,,
,,
,,
,,
,,
,,
,,
,,
,,
,,
,,
,,
,,
,,
,,
,,
,,
,,
,,
,,
,,
,,
,,
,,
,,
,,
,,
,,
,,
,,
,,
,,
,,
,,
,,
,,
,,
,,
,,
,,
,,
,,
,,
,,
,,
,,
,,
,,
,,
,,
,,
,,
,,
,,
,,
,,
,,
,,
,,
,,
,,
,,
,,
,,
,,
,,
,,
,,
,,
,,
,,
,,
,,
,,
,,
,,
,,
,,
,,
,,
,,
,,
,,
,,
,,
,,
,,
,,
,,
,,
,,
,,
,,
,,
,,
,,
,,
,,
,,
,,
,,
,,
,,
,,
,,
,,
,,
,,
,,
,,
,,
,,
,,
,,
,,
,,
,,
,,
,,
,,
,,
,,
,,
,,
,,
,,
,,
,,
,,
,,
,,
,,
,,
,,
,,
,,
,,
,,
,,
,,
,,
,,
,,
,,
,,
,,
,,
,,
,,
,,
,,
,,
,,
,,
,,
,,
,,
,,
,,
,,
,,
,,
,,
,,
,,
,,
,,
,,
,,
,,
,,
,,
,,
,,
,,
,,
,,
,,
,,
,,
,,
,,
,,
,,
,,
,,
,,
,,
,,
,,
,,
,,
,,
,,
,,
,,
,,
,,
,,
,,
,,
,,
,,
,,
,,
,,
,,
,,
,,
,,
,,
,,
,,
,,
,,
,,
,,
,,
,,
,,
,,
,,
,,
,,
,,
,,
,,
,,
,,
,,
,,
,,
,,
,,
,,
,,
,,
,,
,,
,,
,,
,,
,,
,,
,,
,,
,,
,,
,,
,,
,,
,,
,,
,,
,,
,,
,,
,,
,,
,,
,,
,,
,,
,,
,,
,,
,,
,,
,,
,,
,,
,,
,,
,,
,,
,,
,,
,,
,,
,,
,,
,,
,,
,,
,,
,,
,,
,,
,,
,,
,,
,,
,,
,,
,,
,,
,,
,,
,,
,,
,,
,,
,,
,,
,,
,,
,,
,,
,,
,,
,,
,,
,,
,,
,,
,,
,,
,,
,,
,,
,,
,,
,,
,,
,,
,,
,,
,,
,,
,,
,,
,,
,,
,,
,,
,,
,,
,,
,,
,,
,,
,,
,,
,,
,,
,,
,,
,,
,,
,,
,,
,,
,,
,,
,,
,,
,,
,,
,,
,,
,,
,,
,,
,,
,,
,,
,,
,,
,,
,,
,,
,,
,,
,,
,,
,,
,,
,,
,,
,,
,,
,,
,,
,,
,,
,,
,,
,,
,,
,,
,,
,,
,,
,,
,,
,,
,,
,,
,,
,,
,,
,,
,,
,,
,,
,,
,,
,,
,,
,,
,,
,,
,,
,,
,,
,,
,,
,,
,,
,,
,,
,,
,,
,,
,,
,,
,,
,,
